date,daily_net_buy_trn,cumulative_net_buy_trn,source,generated_at
2024-02-26,-0.2013,-0.2013,GitHub CSV 외국인 순매수 보존자료,2026-10-07T08:59:21+09:00
2024-03-26,-1.9863,-1.9863,GitHub CSV 외국인 순매수 보존자료,2026-10-09T23:18:48+09:00
2024-04-26,-1.9496,-3.9359,GitHub CSV 외국인 순매수 보존자료,2026-10-09T23:18:48+09:00
2024-06-26,-4.6546,-8.5905,GitHub CSV 외국인 순매수 보존자료,2026-10-09T23:18:48+09:00
2024-07-25,0.7386,-7.8519,GitHub CSV 외국인 순매수 보존자료,2026-10-09T23:18:48+09:00
2024-09-25,-0.2486,-8.1005,GitHub CSV 외국인 순매수 보존자료,2026-10-09T23:18:48+09:00
2024-10-25,0.5756,-7.5249,GitHub CSV 외국인 순매수 보존자료,2026-10-09T23:18:48+09:00
2024-11-25,-0.7993,-8.3242,GitHub CSV 외국인 순매수 보존자료,2026-10-09T23:18:48+09:00
2024-12-25,0.5225,-7.8017,GitHub CSV 외국인 순매수 보존자료,2026-10-09T23:18:48+09:00
2025-02-26,-1.3082,-9.1099,GitHub CSV 외국인 순매수 보존자료,2026-10-09T23:18:48+09:00
2025-03-26,-1.2895,-10.3994,GitHub CSV 외국인 순매수 보존자료,2026-10-09T23:18:48+09:00
2025-05-26,0.1015,-10.2979,GitHub CSV 외국인 순매수 보존자료,2026-10-09T23:18:48+09:00
2025-05-27,-0.0781,-10.376,GitHub CSV 외국인 순매수 보존자료,2026-10-09T23:18:48+09:00
2025-05-28,0.2999,-10.0761,GitHub CSV 외국인 순매수 보존자료,2026-10-09T23:18:48+09:00
2025-05-29,0.2897,-9.7864,GitHub CSV 외국인 순매수 보존자료,2026-10-09T23:18:48+09:00
2025-05-30,-0.607,-10.3934,GitHub CSV 외국인 순매수 보존자료,2026-10-09T23:18:48+09:00
2025-06-02,0.125,-10.2684,GitHub CSV 외국인 순매수 보존자료,2026-10-09T23:18:48+09:00
2025-06-04,1.0507,-9.2177,GitHub CSV 외국인 순매수 보존자료,2026-10-09T23:18:48+09:00
2025-06-05,0.9801,-8.2376,GitHub CSV 외국인 순매수 보존자료,2026-10-09T23:18:48+09:00
2025-06-09,0.9767,-7.2609,GitHub CSV 외국인 순매수 보존자료,2026-10-09T23:18:48+09:00
2025-06-10,0.6323,-6.6286,GitHub CSV 외국인 순매수 보존자료,2026-10-09T23:18:48+09:00
2025-06-11,0.1661,-6.4625,GitHub CSV 외국인 순매수 보존자료,2026-10-09T23:18:48+09:00
2025-06-12,0.4073,-6.0552,GitHub CSV 외국인 순매수 보존자료,2026-10-09T23:18:48+09:00
2025-06-13,0.121,-5.9342,GitHub CSV 외국인 순매수 보존자료,2026-10-09T23:18:48+09:00
2025-06-16,-0.3224,-6.2566,GitHub CSV 외국인 순매수 보존자료,2026-10-09T23:18:48+09:00
2025-06-17,-0.0953,-6.3519,GitHub CSV 외국인 순매수 보존자료,2026-10-09T23:18:48+09:00
2025-06-18,0.287,-6.0649,GitHub CSV 외국인 순매수 보존자료,2026-10-09T23:18:48+09:00
2025-06-19,-0.0826,-6.1475,GitHub CSV 외국인 순매수 보존자료,2026-10-09T23:18:48+09:00
2025-06-20,0.5626,-5.5849,GitHub CSV 외국인 순매수 보존자료,2026-10-09T23:18:48+09:00
2025-06-23,-0.3668,-5.9517,GitHub CSV 외국인 순매수 보존자료,2026-10-09T23:18:48+09:00
2025-06-24,0.4383,-5.5134,GitHub CSV 외국인 순매수 보존자료,2026-10-09T23:18:48+09:00
2025-06-25,-0.1108,-5.6242,GitHub CSV 외국인 순매수 보존자료,2026-10-09T23:18:48+09:00
2025-06-26,-0.5794,-6.2036,GitHub CSV 외국인 순매수 보존자료,2026-10-09T23:18:48+09:00
2025-06-27,-0.858,-7.0616,GitHub CSV 외국인 순매수 보존자료,2026-10-09T23:18:48+09:00
2025-06-30,-0.6489,-7.7105,GitHub CSV 외국인 순매수 보존자료,2026-10-09T23:18:48+09:00
2025-07-01,0.176,-7.5345,GitHub CSV 외국인 순매수 보존자료,2026-10-09T23:18:48+09:00
2025-07-02,-0.3278,-7.8623,GitHub CSV 외국인 순매수 보존자료,2026-10-09T23:18:48+09:00
2025-07-03,0.6427,-7.2196,GitHub CSV 외국인 순매수 보존자료,2026-10-09T23:18:48+09:00
2025-07-04,0.1624,-7.0572,GitHub CSV 외국인 순매수 보존자료,2026-10-09T23:18:48+09:00
2025-07-07,-0.0937,-7.1509,GitHub CSV 외국인 순매수 보존자료,2026-10-09T23:18:48+09:00
2025-07-08,0.2461,-6.9048,GitHub CSV 외국인 순매수 보존자료,2026-10-09T23:18:48+09:00
2025-07-09,-0.4105,-7.3153,GitHub CSV 외국인 순매수 보존자료,2026-10-09T23:18:48+09:00
2025-07-10,0.4694,-6.8459,GitHub CSV 외국인 순매수 보존자료,2026-10-09T23:18:48+09:00
2025-07-11,0.3259,-6.52,GitHub CSV 외국인 순매수 보존자료,2026-10-09T23:18:48+09:00
2025-07-14,0.3707,-6.1493,GitHub CSV 외국인 순매수 보존자료,2026-10-09T23:18:48+09:00
2025-07-15,0.2123,-5.937,GitHub CSV 외국인 순매수 보존자료,2026-10-09T23:18:48+09:00
2025-07-16,0.0555,-5.8815,GitHub CSV 외국인 순매수 보존자료,2026-10-09T23:18:48+09:00
2025-07-17,0.0493,-5.8322,GitHub CSV 외국인 순매수 보존자료,2026-10-09T23:18:48+09:00
2025-07-18,0.1878,-5.6444,GitHub CSV 외국인 순매수 보존자료,2026-10-09T23:18:48+09:00
2025-07-21,0.8935,-4.7509,GitHub CSV 외국인 순매수 보존자료,2026-10-09T23:18:48+09:00
2025-07-22,-0.1288,-4.8797,GitHub CSV 외국인 순매수 보존자료,2026-10-09T23:18:48+09:00
2025-07-23,0.4228,-4.4569,GitHub CSV 외국인 순매수 보존자료,2026-10-09T23:18:48+09:00
2025-07-24,0.7386,-3.7183,GitHub CSV 외국인 순매수 보존자료,2026-10-09T23:18:48+09:00
2025-07-25,0.2706,-3.4477,GitHub CSV 외국인 순매수 보존자료,2026-10-09T23:18:48+09:00
2025-07-28,0.4753,-2.9724,GitHub CSV 외국인 순매수 보존자료,2026-10-09T23:18:48+09:00
2025-07-29,0.6054,-2.367,GitHub CSV 외국인 순매수 보존자료,2026-10-09T23:18:48+09:00
2025-07-30,0.5783,-1.7887,GitHub CSV 외국인 순매수 보존자료,2026-10-09T23:18:48+09:00
2025-07-31,0.345,-1.4437,GitHub CSV 외국인 순매수 보존자료,2026-10-09T23:18:48+09:00
2025-08-01,-0.6524,-2.0961,GitHub CSV 외국인 순매수 보존자료,2026-10-09T23:18:48+09:00
2025-08-04,0.083,-2.0131,GitHub CSV 외국인 순매수 보존자료,2026-10-09T23:18:48+09:00
2025-08-05,0.2919,-1.7212,GitHub CSV 외국인 순매수 보존자료,2026-10-09T23:18:48+09:00
2025-08-06,0.2804,-1.4408,GitHub CSV 외국인 순매수 보존자료,2026-10-09T23:18:48+09:00
2025-08-07,-0.0171,-1.4579,GitHub CSV 외국인 순매수 보존자료,2026-10-09T23:18:48+09:00
2025-08-08,-0.1576,-1.6155,GitHub CSV 외국인 순매수 보존자료,2026-10-09T23:18:48+09:00
2025-08-11,0.2169,-1.3986,GitHub CSV 외국인 순매수 보존자료,2026-10-09T23:18:48+09:00
2025-08-12,-0.0604,-1.459,GitHub CSV 외국인 순매수 보존자료,2026-10-09T23:18:48+09:00
2025-08-13,0.6349,-0.8241,GitHub CSV 외국인 순매수 보존자료,2026-10-09T23:18:48+09:00
2025-08-14,-0.0779,-0.902,GitHub CSV 외국인 순매수 보존자료,2026-10-09T23:18:48+09:00
2025-08-18,-0.4881,-1.3901,GitHub CSV 외국인 순매수 보존자료,2026-10-09T23:18:48+09:00
2025-08-19,-0.4544,-1.8445,GitHub CSV 외국인 순매수 보존자료,2026-10-09T23:18:48+09:00
2025-08-20,-0.2185,-2.063,GitHub CSV 외국인 순매수 보존자료,2026-10-09T23:18:48+09:00
2025-08-21,-0.0152,-2.0782,GitHub CSV 외국인 순매수 보존자료,2026-10-09T23:18:48+09:00
2025-08-22,0.1826,-1.8956,GitHub CSV 외국인 순매수 보존자료,2026-10-09T23:18:48+09:00
2025-08-25,0.1224,-1.7732,GitHub CSV 외국인 순매수 보존자료,2026-10-09T23:18:48+09:00
2025-08-26,-0.6836,-2.4568,GitHub CSV 외국인 순매수 보존자료,2026-10-09T23:18:48+09:00
2025-08-27,-0.2023,-2.6591,GitHub CSV 외국인 순매수 보존자료,2026-10-09T23:18:48+09:00
2025-08-28,-0.0241,-2.6832,GitHub CSV 외국인 순매수 보존자료,2026-10-09T23:18:48+09:00
2025-08-29,-0.3724,-3.0556,GitHub CSV 외국인 순매수 보존자료,2026-10-09T23:18:48+09:00
2025-09-01,-0.272,-3.3276,GitHub CSV 외국인 순매수 보존자료,2026-10-09T23:18:48+09:00
2025-09-02,0.401,-2.9266,GitHub CSV 외국인 순매수 보존자료,2026-10-09T23:18:48+09:00
2025-09-03,0.4359,-2.4907,GitHub CSV 외국인 순매수 보존자료,2026-10-09T23:18:48+09:00
2025-09-04,0.2025,-2.2882,GitHub CSV 외국인 순매수 보존자료,2026-10-09T23:18:48+09:00
2025-09-05,-0.1374,-2.4256,GitHub CSV 외국인 순매수 보존자료,2026-10-09T23:18:48+09:00
2025-09-08,0.2301,-2.1955,GitHub CSV 외국인 순매수 보존자료,2026-10-09T23:18:48+09:00
2025-09-09,0.6808,-1.5147,GitHub CSV 외국인 순매수 보존자료,2026-10-09T23:18:48+09:00
2025-09-10,1.3817,-0.133,GitHub CSV 외국인 순매수 보존자료,2026-10-09T23:18:48+09:00
2025-09-11,0.3,0.167,GitHub CSV 외국인 순매수 보존자료,2026-10-09T23:18:48+09:00
2025-09-12,1.4355,1.6025,GitHub CSV 외국인 순매수 보존자료,2026-10-09T23:18:48+09:00
2025-09-15,0.2667,1.8692,GitHub CSV 외국인 순매수 보존자료,2026-10-09T23:18:48+09:00
2025-09-16,1.7927,3.6619,GitHub CSV 외국인 순매수 보존자료,2026-10-09T23:18:48+09:00
2025-09-17,-0.0347,3.6272,GitHub CSV 외국인 순매수 보존자료,2026-10-09T23:18:48+09:00
2025-09-18,0.2851,3.9123,GitHub CSV 외국인 순매수 보존자료,2026-10-09T23:18:48+09:00
2025-09-19,-0.308,3.6043,GitHub CSV 외국인 순매수 보존자료,2026-10-09T23:18:48+09:00
2025-09-22,0.5653,4.1696,GitHub CSV 외국인 순매수 보존자료,2026-10-09T23:18:48+09:00
2025-09-23,0.3414,4.511,GitHub CSV 외국인 순매수 보존자료,2026-10-09T23:18:48+09:00
2025-09-24,-0.2486,4.2624,GitHub CSV 외국인 순매수 보존자료,2026-10-09T23:18:48+09:00
2025-09-25,0.2196,4.482,GitHub CSV 외국인 순매수 보존자료,2026-10-09T23:18:48+09:00
2025-09-26,-0.5707,3.9113,GitHub CSV 외국인 순매수 보존자료,2026-10-09T23:18:48+09:00
2025-09-29,0.4472,4.3585,GitHub CSV 외국인 순매수 보존자료,2026-10-09T23:18:48+09:00
2025-09-30,0.023,4.3815,GitHub CSV 외국인 순매수 보존자료,2026-10-09T23:18:48+09:00
2025-10-01,0.8455,5.227,GitHub CSV 외국인 순매수 보존자료,2026-10-09T23:18:48+09:00
2025-10-02,3.1265,8.3535,GitHub CSV 외국인 순매수 보존자료,2026-10-09T23:18:48+09:00
2025-10-10,1.0592,9.4127,GitHub CSV 외국인 순매수 보존자료,2026-10-09T23:18:48+09:00
2025-10-13,-0.822,8.5907,GitHub CSV 외국인 순매수 보존자료,2026-10-09T23:18:48+09:00
2025-10-14,0.5581,9.1488,GitHub CSV 외국인 순매수 보존자료,2026-10-09T23:18:48+09:00
2025-10-15,0.1631,9.3119,GitHub CSV 외국인 순매수 보존자료,2026-10-09T23:18:48+09:00
2025-10-16,0.6533,9.9652,GitHub CSV 외국인 순매수 보존자료,2026-10-09T23:18:48+09:00
2025-10-17,0.4438,10.409,GitHub CSV 외국인 순매수 보존자료,2026-10-09T23:18:48+09:00
2025-10-20,-0.25,10.159,GitHub CSV 외국인 순매수 보존자료,2026-10-09T23:18:48+09:00
2025-10-21,-0.0124,10.1466,GitHub CSV 외국인 순매수 보존자료,2026-10-09T23:18:48+09:00
2025-10-22,-0.7033,9.4433,GitHub CSV 외국인 순매수 보존자료,2026-10-09T23:18:48+09:00
2025-10-23,-0.4071,9.0362,GitHub CSV 외국인 순매수 보존자료,2026-10-09T23:18:48+09:00
2025-10-24,0.5756,9.6118,GitHub CSV 외국인 순매수 보존자료,2026-10-09T23:18:48+09:00
2025-10-27,0.6471,10.2589,GitHub CSV 외국인 순매수 보존자료,2026-10-09T23:18:48+09:00
2025-10-28,-1.6379,8.621,GitHub CSV 외국인 순매수 보존자료,2026-10-09T23:18:48+09:00
2025-10-29,-0.1066,8.5144,GitHub CSV 외국인 순매수 보존자료,2026-10-09T23:18:48+09:00
2025-10-30,-0.1173,8.3971,GitHub CSV 외국인 순매수 보존자료,2026-10-09T23:18:48+09:00
2025-10-31,1.3212,9.7183,GitHub CSV 외국인 순매수 보존자료,2026-10-09T23:18:48+09:00
2025-11-03,-0.7949,8.9234,GitHub CSV 외국인 순매수 보존자료,2026-10-09T23:18:48+09:00
2025-11-04,-2.2282,6.6952,GitHub CSV 외국인 순매수 보존자료,2026-10-09T23:18:48+09:00
2025-11-05,-2.0695,4.6257,GitHub CSV 외국인 순매수 보존자료,2026-10-09T23:18:48+09:00
2025-11-06,-1.695,2.9307,GitHub CSV 외국인 순매수 보존자료,2026-10-09T23:18:48+09:00
2025-11-07,-0.455,2.4757,GitHub CSV 외국인 순매수 보존자료,2026-10-09T23:18:48+09:00
2025-11-10,-0.151,2.3247,GitHub CSV 외국인 순매수 보존자료,2026-10-09T23:18:48+09:00
2025-11-11,0.077,2.4017,GitHub CSV 외국인 순매수 보존자료,2026-10-09T23:18:48+09:00
2025-11-12,-0.4265,1.9752,GitHub CSV 외국인 순매수 보존자료,2026-10-09T23:18:48+09:00
2025-11-13,0.9989,2.9741,GitHub CSV 외국인 순매수 보존자료,2026-10-09T23:18:48+09:00
2025-11-14,-2.3575,0.6166,GitHub CSV 외국인 순매수 보존자료,2026-10-09T23:18:48+09:00
2025-11-17,0.5189,1.1355,GitHub CSV 외국인 순매수 보존자료,2026-10-09T23:18:48+09:00
2025-11-18,-0.55,0.5855,GitHub CSV 외국인 순매수 보존자료,2026-10-09T23:18:48+09:00
2025-11-19,-1.0495,-0.464,GitHub CSV 외국인 순매수 보존자료,2026-10-09T23:18:48+09:00
2025-11-20,0.7406,0.2766,GitHub CSV 외국인 순매수 보존자료,2026-10-09T23:18:48+09:00
2025-11-21,-2.8229,-2.5463,GitHub CSV 외국인 순매수 보존자료,2026-10-09T23:18:48+09:00
2025-11-24,-0.7993,-3.3456,GitHub CSV 외국인 순매수 보존자료,2026-10-09T23:18:48+09:00
2025-11-25,0.0049,-3.3407,GitHub CSV 외국인 순매수 보존자료,2026-10-09T23:18:48+09:00
2025-11-26,0.5158,-2.8249,GitHub CSV 외국인 순매수 보존자료,2026-10-09T23:18:48+09:00
2025-11-27,0.1546,-2.6703,GitHub CSV 외국인 순매수 보존자료,2026-10-09T23:18:48+09:00
2025-11-28,-2.0369,-4.7072,GitHub CSV 외국인 순매수 보존자료,2026-10-09T23:18:48+09:00
2025-12-01,0.2235,-4.4837,GitHub CSV 외국인 순매수 보존자료,2026-10-09T23:18:48+09:00
2025-12-02,1.2147,-3.269,GitHub CSV 외국인 순매수 보존자료,2026-10-09T23:18:48+09:00
2025-12-03,0.2816,-2.9874,GitHub CSV 외국인 순매수 보존자료,2026-10-09T23:18:48+09:00
2025-12-04,-0.696,-3.6834,GitHub CSV 외국인 순매수 보존자료,2026-10-09T23:18:48+09:00
2025-12-05,0.9934,-2.69,GitHub CSV 외국인 순매수 보존자료,2026-10-09T23:18:48+09:00
2025-12-08,0.3211,-2.3689,GitHub CSV 외국인 순매수 보존자료,2026-10-09T23:18:48+09:00
2025-12-09,-0.0889,-2.4578,GitHub CSV 외국인 순매수 보존자료,2026-10-09T23:18:48+09:00
2025-12-10,0.3739,-2.0839,GitHub CSV 외국인 순매수 보존자료,2026-10-09T23:18:48+09:00
2025-12-11,0.3656,-1.7183,GitHub CSV 외국인 순매수 보존자료,2026-10-09T23:18:48+09:00
2025-12-12,0.0414,-1.6769,GitHub CSV 외국인 순매수 보존자료,2026-10-09T23:18:48+09:00
2025-12-15,-0.9569,-2.6338,GitHub CSV 외국인 순매수 보존자료,2026-10-09T23:18:48+09:00
2025-12-16,-1.0305,-3.6643,GitHub CSV 외국인 순매수 보존자료,2026-10-09T23:18:48+09:00
2025-12-17,-0.0322,-3.6965,GitHub CSV 외국인 순매수 보존자료,2026-10-09T23:18:48+09:00
2025-12-18,-0.3459,-4.0424,GitHub CSV 외국인 순매수 보존자료,2026-10-09T23:18:48+09:00
2025-12-19,-0.7573,-4.7997,GitHub CSV 외국인 순매수 보존자료,2026-10-09T23:18:48+09:00
2025-12-22,1.1017,-3.698,GitHub CSV 외국인 순매수 보존자료,2026-10-09T23:18:48+09:00
2025-12-23,0.9551,-2.7429,GitHub CSV 외국인 순매수 보존자료,2026-10-09T23:18:48+09:00
2025-12-24,0.5225,-2.2204,GitHub CSV 외국인 순매수 보존자료,2026-10-09T23:18:48+09:00
2025-12-26,1.779,-0.4414,GitHub CSV 외국인 순매수 보존자료,2026-10-09T23:18:48+09:00
2025-12-29,0.3337,-0.1077,GitHub CSV 외국인 순매수 보존자료,2026-10-09T23:18:48+09:00
2025-12-30,-0.4768,-0.5845,GitHub CSV 외국인 순매수 보존자료,2026-10-09T23:18:48+09:00
2026-01-02,0.6309,0.0464,GitHub CSV 외국인 순매수 보존자료,2026-10-09T23:18:48+09:00
2026-01-05,2.1726,2.219,GitHub CSV 외국인 순매수 보존자료,2026-10-09T23:18:48+09:00
2026-01-06,-0.6184,1.6006,GitHub CSV 외국인 순매수 보존자료,2026-10-09T23:18:48+09:00
2026-01-07,1.2548,2.8554,GitHub CSV 외국인 순매수 보존자료,2026-10-09T23:18:48+09:00
2026-01-08,-0.0979,2.7575,GitHub CSV 외국인 순매수 보존자료,2026-10-09T23:18:48+09:00
2026-01-09,-1.6068,1.1507,GitHub CSV 외국인 순매수 보존자료,2026-10-09T23:18:48+09:00
2026-01-12,-0.3512,0.7995,GitHub CSV 외국인 순매수 보존자료,2026-10-09T23:18:48+09:00
2026-01-13,-0.2793,0.5202,GitHub CSV 외국인 순매수 보존자료,2026-10-09T23:18:48+09:00
2026-01-14,-0.376,0.1442,GitHub CSV 외국인 순매수 보존자료,2026-10-09T23:18:48+09:00
2026-01-15,0.345,0.4892,GitHub CSV 외국인 순매수 보존자료,2026-10-09T23:18:48+09:00
2026-01-16,0.435,0.9242,GitHub CSV 외국인 순매수 보존자료,2026-10-09T23:18:48+09:00
2026-01-19,0.5532,1.4774,GitHub CSV 외국인 순매수 보존자료,2026-10-09T23:18:48+09:00
2026-01-20,0.1232,1.6006,GitHub CSV 외국인 순매수 보존자료,2026-10-09T23:18:48+09:00
2026-01-21,0.4394,2.04,GitHub CSV 외국인 순매수 보존자료,2026-10-09T23:18:48+09:00
2026-01-22,-0.2432,1.7968,GitHub CSV 외국인 순매수 보존자료,2026-10-09T23:18:48+09:00
2026-01-23,0.1438,1.9406,GitHub CSV 외국인 순매수 보존자료,2026-10-09T23:18:48+09:00
2026-01-26,-0.1588,1.7818,GitHub CSV 외국인 순매수 보존자료,2026-10-09T23:18:48+09:00
2026-01-27,0.8448,2.6266,GitHub CSV 외국인 순매수 보존자료,2026-10-09T23:18:48+09:00
2026-01-28,0.4008,3.0274,GitHub CSV 외국인 순매수 보존자료,2026-10-09T23:18:48+09:00
2026-01-29,-1.4897,1.5377,GitHub CSV 외국인 순매수 보존자료,2026-10-09T23:18:48+09:00
2026-01-30,-1.9729,-0.4352,GitHub CSV 외국인 순매수 보존자료,2026-10-09T23:18:48+09:00
2026-02-02,-2.5168,-2.952,GitHub CSV 외국인 순매수 보존자료,2026-10-09T23:18:48+09:00
2026-02-03,0.7038,-2.2482,GitHub CSV 외국인 순매수 보존자료,2026-10-09T23:18:48+09:00
2026-02-04,-0.9413,-3.1895,GitHub CSV 외국인 순매수 보존자료,2026-10-09T23:18:48+09:00
2026-02-05,-5.0108,-8.2003,GitHub CSV 외국인 순매수 보존자료,2026-10-09T23:18:48+09:00
2026-02-06,-3.3233,-11.5236,GitHub CSV 외국인 순매수 보존자료,2026-10-09T23:18:48+09:00
2026-02-09,0.432,-11.0916,GitHub CSV 외국인 순매수 보존자료,2026-10-09T23:18:48+09:00
2026-02-10,0.1474,-10.9442,GitHub CSV 외국인 순매수 보존자료,2026-10-09T23:18:48+09:00
2026-02-11,0.8461,-10.0981,GitHub CSV 외국인 순매수 보존자료,2026-10-09T23:18:48+09:00
2026-02-12,2.9954,-7.1027,GitHub CSV 외국인 순매수 보존자료,2026-10-09T23:18:48+09:00
2026-02-13,-0.922,-8.0247,GitHub CSV 외국인 순매수 보존자료,2026-10-09T23:18:48+09:00
2026-02-19,-0.9396,-8.9643,GitHub CSV 외국인 순매수 보존자료,2026-10-09T23:18:48+09:00
2026-02-20,-0.742,-9.7063,GitHub CSV 외국인 순매수 보존자료,2026-10-09T23:18:48+09:00
2026-02-23,-1.1132,-10.8195,GitHub CSV 외국인 순매수 보존자료,2026-10-09T23:18:48+09:00
2026-02-24,-0.2013,-11.0208,GitHub CSV 외국인 순매수 보존자료,2026-10-09T23:18:48+09:00
2026-02-25,-1.3082,-12.329,GitHub CSV 외국인 순매수 보존자료,2026-10-09T23:18:48+09:00
2026-02-26,-2.1135,-14.4425,GitHub CSV 외국인 순매수 보존자료,2026-10-09T23:18:48+09:00
2026-02-27,-7.0528,-21.4953,GitHub CSV 외국인 순매수 보존자료,2026-10-09T23:18:48+09:00
2026-03-03,-5.1487,-26.644,GitHub CSV 외국인 순매수 보존자료,2026-10-09T23:18:48+09:00
2026-03-04,0.2303,-26.4137,GitHub CSV 외국인 순매수 보존자료,2026-10-09T23:18:48+09:00
2026-03-05,-0.1446,-26.5583,GitHub CSV 외국인 순매수 보존자료,2026-10-09T23:18:48+09:00
2026-03-06,-1.9418,-28.5001,GitHub CSV 외국인 순매수 보존자료,2026-10-09T23:18:48+09:00
2026-03-09,-3.1735,-31.6736,GitHub CSV 외국인 순매수 보존자료,2026-10-09T23:18:48+09:00
2026-03-10,1.0283,-30.6453,GitHub CSV 외국인 순매수 보존자료,2026-10-09T23:18:48+09:00
2026-03-11,-0.2563,-30.9016,GitHub CSV 외국인 순매수 보존자료,2026-10-09T23:18:48+09:00
2026-03-12,-2.3831,-33.2847,GitHub CSV 외국인 순매수 보존자료,2026-10-09T23:18:48+09:00
2026-03-13,-1.4502,-34.7349,GitHub CSV 외국인 순매수 보존자료,2026-10-09T23:18:48+09:00
2026-03-16,-0.8485,-35.5834,GitHub CSV 외국인 순매수 보존자료,2026-10-09T23:18:48+09:00
2026-03-17,-0.174,-35.7574,GitHub CSV 외국인 순매수 보존자료,2026-10-09T23:18:48+09:00
2026-03-18,0.8802,-34.8772,GitHub CSV 외국인 순매수 보존자료,2026-10-09T23:18:48+09:00
2026-03-19,-1.876,-36.7532,GitHub CSV 외국인 순매수 보존자료,2026-10-09T23:18:48+09:00
2026-03-20,-1.2402,-37.9934,GitHub CSV 외국인 순매수 보존자료,2026-10-09T23:18:48+09:00
2026-03-23,-3.6751,-41.6685,GitHub CSV 외국인 순매수 보존자료,2026-10-09T23:18:48+09:00
2026-03-24,-1.9863,-43.6548,GitHub CSV 외국인 순매수 보존자료,2026-10-09T23:18:48+09:00
2026-03-25,-1.2895,-44.9443,GitHub CSV 외국인 순매수 보존자료,2026-10-09T23:18:48+09:00
2026-03-26,-2.937,-47.8813,GitHub CSV 외국인 순매수 보존자료,2026-10-09T23:18:48+09:00
2026-03-27,-3.4286,-51.3099,GitHub CSV 외국인 순매수 보존자료,2026-10-09T23:18:48+09:00
2026-03-30,-2.0945,-53.4044,GitHub CSV 외국인 순매수 보존자료,2026-10-09T23:18:48+09:00
2026-03-31,-3.8386,-57.243,GitHub CSV 외국인 순매수 보존자료,2026-10-09T23:18:48+09:00
2026-04-01,-0.6411,-57.8841,GitHub CSV 외국인 순매수 보존자료,2026-10-09T23:18:48+09:00
2026-04-02,-0.1368,-58.0209,GitHub CSV 외국인 순매수 보존자료,2026-10-09T23:18:48+09:00
2026-04-03,0.8035,-57.2174,GitHub CSV 외국인 순매수 보존자료,2026-10-09T23:18:48+09:00
2026-04-06,-0.1596,-57.377,GitHub CSV 외국인 순매수 보존자료,2026-10-09T23:18:48+09:00
2026-04-07,0.3704,-57.0066,GitHub CSV 외국인 순매수 보존자료,2026-10-09T23:18:48+09:00
2026-04-08,1.9089,-55.0977,GitHub CSV 외국인 순매수 보존자료,2026-10-09T23:18:48+09:00
2026-04-09,1.8476,-53.2501,GitHub CSV 외국인 순매수 보존자료,2026-10-09T23:18:48+09:00
2026-04-10,1.0641,-52.186,GitHub CSV 외국인 순매수 보존자료,2026-10-09T23:18:48+09:00
2026-04-13,-0.4579,-52.6439,GitHub CSV 외국인 순매수 보존자료,2026-10-09T23:18:48+09:00
2026-04-14,0.8276,-51.8163,GitHub CSV 외국인 순매수 보존자료,2026-10-09T23:18:48+09:00
2026-04-15,0.4973,-51.319,GitHub CSV 외국인 순매수 보존자료,2026-10-09T23:18:48+09:00
2026-04-16,0.4814,-50.8376,GitHub CSV 외국인 순매수 보존자료,2026-10-09T23:18:48+09:00
2026-04-17,-1.9974,-52.835,GitHub CSV 외국인 순매수 보존자료,2026-10-09T23:18:48+09:00
2026-04-20,-0.2338,-53.0688,GitHub CSV 외국인 순매수 보존자료,2026-10-09T23:18:48+09:00
2026-04-21,1.1565,-51.9123,GitHub CSV 외국인 순매수 보존자료,2026-10-09T23:18:48+09:00
2026-04-22,-0.6762,-52.5885,GitHub CSV 외국인 순매수 보존자료,2026-10-09T23:18:48+09:00
2026-04-23,-0.082,-52.6705,GitHub CSV 외국인 순매수 보존자료,2026-10-09T23:18:48+09:00
2026-04-24,-1.9496,-54.6201,GitHub CSV 외국인 순매수 보존자료,2026-10-09T23:18:48+09:00
2026-04-27,0.8563,-53.7638,GitHub CSV 외국인 순매수 보존자료,2026-10-09T23:18:48+09:00
2026-04-28,-0.1843,-53.9481,GitHub CSV 외국인 순매수 보존자료,2026-10-09T23:18:48+09:00
2026-04-29,-0.6071,-54.5552,GitHub CSV 외국인 순매수 보존자료,2026-10-09T23:18:48+09:00
2026-04-30,-1.4559,-56.0111,GitHub CSV 외국인 순매수 보존자료,2026-10-09T23:18:48+09:00
2026-05-04,2.9308,-53.0803,GitHub CSV 외국인 순매수 보존자료,2026-10-09T23:18:48+09:00
2026-05-06,3.1085,-49.9718,GitHub CSV 외국인 순매수 보존자료,2026-10-09T23:18:48+09:00
2026-05-07,-6.6987,-56.6705,GitHub CSV 외국인 순매수 보존자료,2026-10-09T23:18:48+09:00
2026-05-08,-5.2967,-61.9672,GitHub CSV 외국인 순매수 보존자료,2026-10-09T23:18:48+09:00
2026-05-11,-2.8147,-64.7819,GitHub CSV 외국인 순매수 보존자료,2026-10-09T23:18:48+09:00
2026-05-12,-5.609,-70.3909,GitHub CSV 외국인 순매수 보존자료,2026-10-09T23:18:48+09:00
2026-05-13,-3.7227,-74.1136,GitHub CSV 외국인 순매수 보존자료,2026-10-09T23:18:48+09:00
2026-05-14,-2.145,-76.2586,GitHub CSV 외국인 순매수 보존자료,2026-10-09T23:18:48+09:00
2026-05-15,-5.604,-81.8626,GitHub CSV 외국인 순매수 보존자료,2026-10-09T23:18:48+09:00
2026-05-18,-3.6492,-85.5118,GitHub CSV 외국인 순매수 보존자료,2026-10-09T23:18:48+09:00
2026-05-19,-5.7242,-91.236,GitHub CSV 외국인 순매수 보존자료,2026-10-09T23:18:48+09:00
2026-05-20,-2.931,-94.167,GitHub CSV 외국인 순매수 보존자료,2026-10-09T23:18:48+09:00
2026-05-21,-0.2212,-94.3882,GitHub CSV 외국인 순매수 보존자료,2026-10-09T23:18:48+09:00
2026-05-22,-1.9221,-96.3103,GitHub CSV 외국인 순매수 보존자료,2026-10-09T23:18:48+09:00
2026-05-26,-0.1321,-96.4424,GitHub CSV 외국인 순매수 보존자료,2026-10-09T23:18:48+09:00
2026-05-27,-0.2493,-96.6917,GitHub CSV 외국인 순매수 보존자료,2026-10-09T23:18:48+09:00
2026-05-28,-2.7414,-99.4331,GitHub CSV 외국인 순매수 보존자료,2026-10-09T23:18:48+09:00
2026-05-29,-1.0421,-100.4752,GitHub CSV 외국인 순매수 보존자료,2026-10-09T23:18:48+09:00
2026-06-01,-2.8219,-103.2971,GitHub CSV 외국인 순매수 보존자료,2026-10-09T23:18:48+09:00
2026-06-02,-6.3035,-109.6006,GitHub CSV 외국인 순매수 보존자료,2026-10-09T23:18:48+09:00
2026-06-04,-6.6663,-116.2669,GitHub CSV 외국인 순매수 보존자료,2026-10-09T23:18:48+09:00
2026-06-05,-2.7638,-119.0307,GitHub CSV 외국인 순매수 보존자료,2026-10-09T23:18:48+09:00
2026-06-08,-0.2644,-119.2951,GitHub CSV 외국인 순매수 보존자료,2026-10-09T23:18:48+09:00
2026-06-09,-2.0064,-121.3015,GitHub CSV 외국인 순매수 보존자료,2026-10-09T23:18:48+09:00
2026-06-10,-2.7754,-124.0769,GitHub CSV 외국인 순매수 보존자료,2026-10-09T23:18:48+09:00
2026-06-11,-1.464,-125.5409,GitHub CSV 외국인 순매수 보존자료,2026-10-09T23:18:48+09:00
2026-06-12,2.2041,-123.3368,GitHub CSV 외국인 순매수 보존자료,2026-10-09T23:18:48+09:00
2026-06-15,1.0774,-122.2594,GitHub CSV 외국인 순매수 보존자료,2026-10-09T23:18:48+09:00
2026-06-16,1.5353,-120.7241,GitHub CSV 외국인 순매수 보존자료,2026-10-09T23:18:48+09:00
2026-06-17,-0.9952,-121.7193,GitHub CSV 외국인 순매수 보존자료,2026-10-09T23:18:48+09:00
2026-06-18,1.2776,-120.4417,GitHub CSV 외국인 순매수 보존자료,2026-10-09T23:18:48+09:00
2026-06-19,-0.3555,-120.7972,GitHub CSV 외국인 순매수 보존자료,2026-10-09T23:18:48+09:00
2026-06-22,-2.5466,-123.3438,GitHub CSV 외국인 순매수 보존자료,2026-10-09T23:18:48+09:00
2026-06-23,-4.2047,-127.5485,GitHub CSV 외국인 순매수 보존자료,2026-10-09T23:18:48+09:00
2026-06-24,-4.6546,-132.2031,GitHub CSV 외국인 순매수 보존자료,2026-10-09T23:18:48+09:00
2026-06-25,-0.8754,-133.0785,GitHub CSV 외국인 순매수 보존자료,2026-10-09T23:18:48+09:00
2026-06-26,-4.2906,-137.3691,GitHub CSV 외국인 순매수 보존자료,2026-10-09T23:18:48+09:00
2026-06-29,-7.7332,-145.1023,GitHub CSV 외국인 순매수 보존자료,2026-10-09T23:18:48+09:00
2026-06-30,-3.7992,-148.9015,GitHub CSV 외국인 순매수 보존자료,2026-10-09T23:18:48+09:00
2026-07-01,-1.7028,-150.6043,GitHub CSV 외국인 순매수 보존자료,2026-10-09T23:18:48+09:00
2026-07-02,-4.3706,-154.9749,GitHub CSV 외국인 순매수 보존자료,2026-10-09T23:18:48+09:00
2026-07-03,-2.175,-157.1499,GitHub CSV 외국인 순매수 보존자료,2026-10-09T23:18:48+09:00
2026-07-06,-1.3144,-158.4643,GitHub CSV 외국인 순매수 보존자료,2026-10-09T23:18:48+09:00
2026-07-07,-2.9172,-161.3815,GitHub CSV 외국인 순매수 보존자료,2026-10-09T23:18:48+09:00
2026-07-08,0.3437,-161.0378,GitHub CSV 외국인 순매수 보존자료,2026-10-09T23:18:48+09:00
2026-07-09,0.1343,-160.9035,GitHub CSV 외국인 순매수 보존자료,2026-10-09T23:18:48+09:00
2026-07-10,-0.3228,-161.2263,GitHub CSV 외국인 순매수 보존자료,2026-10-09T23:18:48+09:00
2026-07-13,-1.6705,-162.8968,GitHub CSV 외국인 순매수 보존자료,2026-10-09T23:18:48+09:00
2026-07-14,0.9565,-161.9403,GitHub CSV 외국인 순매수 보존자료,2026-10-09T23:18:48+09:00
2026-07-15,2.3031,-159.6372,GitHub CSV 외국인 순매수 보존자료,2026-10-09T23:18:48+09:00
2026-07-16,-1.3665,-161.0037,GitHub CSV 외국인 순매수 보존자료,2026-10-09T23:18:48+09:00
2026-07-20,0.5198,-160.4839,GitHub CSV 외국인 순매수 보존자료,2026-10-09T23:18:48+09:00
2026-07-21,0.2952,-160.1887,GitHub CSV 외국인 순매수 보존자료,2026-10-09T23:18:48+09:00
2026-07-22,2.6211,-157.5676,GitHub CSV 외국인 순매수 보존자료,2026-10-09T23:18:48+09:00
2026-07-23,2.1359,-155.4317,GitHub CSV 외국인 순매수 보존자료,2026-10-09T23:18:48+09:00
2026-07-24,-3.2683,-158.7,GitHub CSV 외국인 순매수 보존자료,2026-10-09T23:18:48+09:00
2026-07-27,-2.8811,-161.5811,GitHub CSV 외국인 순매수 보존자료,2026-10-09T23:18:48+09:00
2026-07-28,-4.5009,-166.082,GitHub CSV 외국인 순매수 보존자료,2026-10-09T23:18:48+09:00
2026-07-29,-1.2502,-167.3322,GitHub CSV 외국인 순매수 보존자료,2026-10-09T23:18:48+09:00
2026-07-30,1.328,-166.0042,GitHub CSV 외국인 순매수 보존자료,2026-10-09T23:18:48+09:00
2026-07-31,7.241,-158.7632,GitHub CSV 외국인 순매수 보존자료,2026-10-09T23:18:48+09:00
2026-08-03,-2.822,-161.5852,GitHub CSV 외국인 순매수 보존자료,2026-10-09T23:18:48+09:00
2026-08-04,-0.3716,-161.9568,GitHub CSV 외국인 순매수 보존자료,2026-10-09T23:18:48+09:00
2026-08-05,1.4464,-160.5104,GitHub CSV 외국인 순매수 보존자료,2026-10-09T23:18:48+09:00
2026-08-06,-3.2893,-163.7997,GitHub CSV 외국인 순매수 보존자료,2026-10-09T23:18:48+09:00
2026-08-07,-0.8651,-164.6648,GitHub CSV 외국인 순매수 보존자료,2026-10-09T23:18:48+09:00
2026-08-10,-1.4909,-166.1557,GitHub CSV 외국인 순매수 보존자료,2026-10-09T23:18:48+09:00
2026-08-11,0.0535,-166.1022,GitHub CSV 외국인 순매수 보존자료,2026-10-09T23:18:48+09:00
2026-08-12,2.8354,-163.2668,GitHub CSV 외국인 순매수 보존자료,2026-10-09T23:18:48+09:00
2026-08-13,2.1102,-161.1566,GitHub CSV 외국인 순매수 보존자료,2026-10-09T23:18:48+09:00
2026-08-14,3.0387,-158.1179,GitHub CSV 외국인 순매수 보존자료,2026-10-09T23:18:48+09:00
2026-08-18,0.0914,-158.0265,GitHub CSV 외국인 순매수 보존자료,2026-10-09T23:18:48+09:00
2026-08-19,-3.4726,-161.4991,GitHub CSV 외국인 순매수 보존자료,2026-10-09T23:18:48+09:00
2026-08-20,1.7068,-159.7923,GitHub CSV 외국인 순매수 보존자료,2026-10-09T23:18:48+09:00
2026-08-21,-0.176,-159.9683,GitHub CSV 외국인 순매수 보존자료,2026-10-09T23:18:48+09:00
2026-08-24,-3.6691,-163.6374,GitHub CSV 외국인 순매수 보존자료,2026-10-09T23:18:48+09:00
2026-08-25,-3.814,-167.4514,GitHub CSV 외국인 순매수 보존자료,2026-10-09T23:18:48+09:00
2026-08-26,-0.1148,-167.5662,GitHub CSV 외국인 순매수 보존자료,2026-10-09T23:18:48+09:00
2026-08-27,0.1333,-167.4329,GitHub CSV 외국인 순매수 보존자료,2026-10-09T23:18:48+09:00
2026-08-28,-0.8525,-168.2854,GitHub CSV 외국인 순매수 보존자료,2026-10-09T23:18:48+09:00
2026-08-31,-0.6434,-168.9288,GitHub CSV 외국인 순매수 보존자료,2026-10-09T23:18:48+09:00
2026-09-01,-0.4968,-169.4256,GitHub CSV 외국인 순매수 보존자료,2026-10-09T23:18:48+09:00
2026-09-02,-1.9173,-171.3429,GitHub CSV 외국인 순매수 보존자료,2026-10-09T23:18:48+09:00
2026-09-03,0.0414,-171.3015,GitHub CSV 외국인 순매수 보존자료,2026-10-09T23:18:48+09:00
2026-09-04,0.4796,-170.8219,GitHub CSV 외국인 순매수 보존자료,2026-10-09T23:18:48+09:00
2026-09-07,2.5532,-168.2687,GitHub CSV 외국인 순매수 보존자료,2026-10-09T23:18:48+09:00
2026-09-08,0.6316,-167.6371,GitHub CSV 외국인 순매수 보존자료,2026-10-09T23:18:48+09:00
2026-09-09,-0.4348,-168.0719,GitHub CSV 외국인 순매수 보존자료,2026-10-09T23:18:48+09:00
2026-09-10,-2.6217,-170.6936,GitHub CSV 외국인 순매수 보존자료,2026-10-09T23:18:48+09:00
2026-09-11,-2.2984,-172.992,GitHub CSV 외국인 순매수 보존자료,2026-10-09T23:18:48+09:00
2026-09-14,-3.3363,-176.3283,GitHub CSV 외국인 순매수 보존자료,2026-10-09T23:18:48+09:00
2026-09-15,-1.5458,-177.8741,GitHub CSV 외국인 순매수 보존자료,2026-10-09T23:18:48+09:00
2026-09-16,-1.6726,-179.5467,GitHub CSV 외국인 순매수 보존자료,2026-10-09T23:18:48+09:00
2026-09-17,-1.5674,-181.1141,GitHub CSV 외국인 순매수 보존자료,2026-10-09T23:18:48+09:00
