asset,date,close,sma30,sma50,sma120,ratio30,ratio50,ratio120,drawdown
KOSPI,2025-06-25,3108.25,2790.3373,2681.2054,2595.6392,111.3933,115.9273,119.7489,0.0
KOSPI,2025-06-26,3079.5601,2806.042,2693.8954,2600.9521,109.7475,114.3162,118.4013,-0.923
KOSPI,2025-06-27,3055.9399,2819.8877,2706.3598,2606.0806,108.371,112.917,117.2619,-1.6829
KOSPI,2025-06-30,3071.7,2834.899,2718.676,2611.4308,108.3531,112.9851,117.6252,-1.1759
KOSPI,2025-07-01,3089.6499,2850.325,2730.9208,2617.1382,108.3964,113.1358,118.0545,-0.5984
KOSPI,2025-07-02,3075.0601,2866.0463,2743.4734,2622.7679,107.2928,112.0864,117.2448,-1.0678
KOSPI,2025-07-03,3116.27,2883.1953,2756.3906,2628.7457,108.0839,113.0562,118.5459,0.0
KOSPI,2025-07-04,3054.28,2897.4853,2767.8078,2633.8487,105.4114,110.3501,115.9626,-1.9892
KOSPI,2025-07-07,3059.47,2913.012,2779.2288,2638.6056,105.0277,110.0834,115.9503,-1.8227
KOSPI,2025-07-08,3114.95,2930.4407,2791.795,2643.796,106.2963,111.5752,117.8211,-0.0424
KOSPI,2025-07-09,3133.74,2946.752,2803.9586,2648.9017,106.3456,111.7613,118.3034,0.0
KOSPI,2025-07-10,3183.23,2964.9523,2817.1766,2654.4128,107.3619,112.9936,119.9222,0.0
KOSPI,2025-07-11,3175.77,2981.8063,2829.766,2659.9128,106.5049,112.2273,119.3938,-0.2344
KOSPI,2025-07-14,3202.03,2997.8527,2842.8294,2665.85,106.8108,112.6353,120.1129,0.0
KOSPI,2025-07-15,3215.28,3015.1063,2855.8266,2671.8323,106.639,112.5867,120.3399,0.0
KOSPI,2025-07-16,3186.3799,3031.3533,2868.422,2677.5787,105.1141,111.0848,119.0023,-0.8988
KOSPI,2025-07-17,3192.29,3045.4017,2881.072,2683.1188,104.8233,110.8022,118.9768,-0.715
KOSPI,2025-07-18,3188.0701,3057.9357,2893.3574,2688.6564,104.2556,110.1858,118.5748,-0.8463
KOSPI,2025-07-21,3210.8101,3069.7703,2905.984,2694.4128,104.5945,110.4896,119.1655,-0.139
KOSPI,2025-07-22,3169.9399,3079.7067,2917.8374,2699.8453,102.9299,108.64,117.4119,-1.4101
KOSPI,2025-07-23,3183.77,3088.931,2929.3662,2705.1512,103.0703,108.6846,117.6929,-0.98
KOSPI,2025-07-24,3190.45,3097.945,2941.0068,2710.7759,102.986,108.4816,117.6951,-0.7723
KOSPI,2025-07-25,3196.05,3107.9927,2952.1164,2716.2697,102.8333,108.263,117.6632,-0.5981
KOSPI,2025-07-28,3209.52,3116.7547,2963.8796,2722.0376,102.9763,108.2878,117.9087,-0.1791
KOSPI,2025-07-29,3230.5701,3126.097,2975.9536,2728.5094,103.342,108.5558,118.4005,0.0
KOSPI,2025-07-30,3254.47,3135.5063,2988.9746,2734.9492,103.7941,108.8825,118.9956,0.0
KOSPI,2025-07-31,3245.4399,3144.4297,3001.8474,2741.084,103.2124,108.1148,118.3999,-0.2775
KOSPI,2025-08-01,3119.4099,3147.682,3011.724,2745.9395,99.1018,103.5756,113.6008,-4.15
KOSPI,2025-08-04,3147.75,3152.1247,3022.8056,2751.1547,99.8612,104.1334,114.4156,-3.2792
KOSPI,2025-08-05,3198.0,3155.27,3034.9238,2756.7942,101.3542,105.3733,116.0043,-1.7352
KOSPI,2025-08-06,3198.1399,3158.2663,3045.9986,2762.2866,101.2625,104.9948,115.7787,-1.7309
KOSPI,2025-08-07,3227.6799,3163.2037,3057.8078,2767.9473,102.0383,105.5554,116.6092,-0.8232
KOSPI,2025-08-08,3210.01,3168.3393,3068.605,2773.171,101.3152,104.6081,115.7523,-1.3661
KOSPI,2025-08-11,3206.77,3172.8417,3078.3276,2778.302,101.0693,104.1725,115.4219,-1.4657
KOSPI,2025-08-12,3189.9099,3176.1837,3088.1724,2783.1311,100.4322,103.2944,114.6159,-1.9837
KOSPI,2025-08-13,3224.3701,3181.1607,3098.6804,2788.1107,101.3583,104.0562,115.6471,-0.9249
KOSPI,2025-08-14,3225.6599,3184.807,3107.7768,2792.7286,101.2827,103.7932,115.5021,-0.8852
KOSPI,2025-08-18,3177.28,3188.907,3115.0814,2797.0887,99.6354,101.9967,113.5924,-2.3718
KOSPI,2025-08-19,3151.5601,3191.9767,3120.9972,2801.2302,98.7338,100.9793,112.5063,-3.1621
KOSPI,2025-08-20,3130.0901,3192.4813,3126.162,2805.2704,98.0457,100.1257,111.5789,-3.8218
KOSPI,2025-08-21,3141.74,3192.748,3130.856,2809.5325,98.4024,100.3476,111.8243,-3.4639
KOSPI,2025-08-22,3168.73,3192.2647,3135.83,2813.9295,99.2628,101.0492,112.6087,-2.6345
KOSPI,2025-08-25,3209.8601,3193.401,3142.1348,2818.8304,100.5154,102.1554,113.8721,-1.3707
KOSPI,2025-08-26,3179.3601,3192.6453,3146.7888,2824.2186,99.5839,101.0351,112.5749,-2.3079
KOSPI,2025-08-27,3187.1599,3191.708,3151.526,2829.7039,99.8575,101.1307,112.6323,-2.0682
KOSPI,2025-08-28,3196.3201,3192.0393,3156.0086,2835.0222,100.1341,101.2773,112.7441,-1.7868
KOSPI,2025-08-29,3186.01,3191.83,3160.174,2840.1043,99.8177,100.8176,112.1793,-2.1036
KOSPI,2025-09-01,3142.9299,3190.3253,3162.5958,2844.933,98.5144,99.3782,110.4747,-3.4273
KOSPI,2025-09-02,3172.3501,3189.0433,3165.7534,2849.9493,99.4765,100.2084,111.3125,-2.5233
KOSPI,2025-09-03,3184.4199,3189.526,3167.369,2855.3395,99.8399,100.5383,111.5251,-2.1524
KOSPI,2025-09-04,3200.8301,3190.0947,3169.2206,2860.5563,100.3365,100.9974,111.8954,-1.6482
KOSPI,2025-09-05,3205.1201,3190.5837,3171.7318,2865.8186,100.4556,101.0527,111.8396,-1.5164
KOSPI,2025-09-08,3219.5901,3191.3683,3175.0048,2871.2622,100.8843,101.4043,112.1315,-1.0718
KOSPI,2025-09-09,3260.05,3193.0527,3178.7718,2876.6735,102.0982,102.5569,113.3271,0.0
KOSPI,2025-09-10,3314.53,3195.8513,3183.2694,2882.5251,103.7135,104.1235,114.987,0.0
KOSPI,2025-09-11,3344.2,3198.8423,3188.6522,2888.4883,104.5441,104.8782,115.7768,0.0
KOSPI,2025-09-12,3395.54,3203.8457,3194.2376,2894.8086,105.9833,106.302,117.2976,0.0
KOSPI,2025-09-15,3407.3101,3213.4424,3201.2982,2901.1768,106.033,106.4353,117.4458,0.0
KOSPI,2025-09-16,3449.6201,3223.5047,3209.1012,2907.9897,107.0146,107.4949,118.6256,0.0
KOSPI,2025-09-17,3413.3999,3230.6847,3215.0702,2914.6363,105.6556,106.1688,117.1124,-1.05
KOSPI,2025-09-18,3461.3,3239.4567,3221.6214,2921.4476,106.8482,107.4397,118.4789,0.0
KOSPI,2025-09-19,3445.24,3246.7087,3226.8616,2928.4317,106.1148,106.7675,117.648,-0.464
KOSPI,2025-09-22,3468.6499,3255.33,3232.7192,2936.0206,106.5529,107.2982,118.1412,0.0
KOSPI,2025-09-23,3486.1899,3264.644,3238.4024,2944.3962,106.7862,107.6515,118.4008,0.0
KOSPI,2025-09-24,3472.1399,3274.0517,3243.5396,2952.3191,106.0502,107.0479,117.6072,-0.403
KOSPI,2025-09-25,3471.1101,3282.2764,3249.2342,2960.3628,105.7531,106.8286,117.2529,-0.4326
KOSPI,2025-09-26,3386.05,3287.6227,3253.1094,2967.8574,102.9939,104.0866,114.0907,-2.8725
KOSPI,2025-09-29,3431.21,3296.087,3257.9722,2975.9057,104.0995,105.3173,115.2997,-1.5771
KOSPI,2025-09-30,3424.6001,3305.1884,3262.248,2985.0423,103.6129,104.9767,114.7253,-1.7667
KOSPI,2025-10-01,3455.8301,3316.0464,3267.9658,2994.389,104.2154,105.7487,115.4102,-0.8709
KOSPI,2025-10-02,3549.21,3329.6287,3275.2746,3004.8516,106.5948,108.3637,118.116,0.0
KOSPI,2025-10-10,3610.6001,3344.3577,3283.6776,3014.5644,107.9609,109.956,119.7719,0.0
KOSPI,2025-10-13,3584.55,3356.8474,3291.4476,3024.163,106.7832,108.905,118.5303,-0.7215
KOSPI,2025-10-14,3561.8101,3369.5957,3298.4934,3033.379,105.7044,107.9829,117.4205,-1.3513
KOSPI,2025-10-15,3657.28,3385.2664,3307.0276,3043.2113,108.0352,110.5912,120.1783,0.0
KOSPI,2025-10-16,3748.3701,3403.668,3316.9056,3054.0524,110.1274,113.008,122.7343,0.0
KOSPI,2025-10-17,3748.8899,3422.4307,3326.9746,3064.7064,109.5388,112.6817,122.3246,0.0
KOSPI,2025-10-20,3814.6899,3444.8227,3340.8802,3075.8003,110.7369,114.1822,124.0227,0.0
KOSPI,2025-10-21,3823.8401,3466.539,3354.402,3086.9288,110.3071,113.9947,123.872,0.0
KOSPI,2025-10-22,3883.6799,3489.8477,3368.1156,3098.5708,111.2851,115.3072,125.3378,0.0
KOSPI,2025-10-23,3845.5601,3511.3387,3381.064,3109.5708,109.5183,113.7382,123.6685,-0.9815
KOSPI,2025-10-24,3941.5901,3535.8877,3395.3422,3121.398,111.4738,116.0882,126.2764,0.0
KOSPI,2025-10-27,4042.8301,3563.329,3411.9986,3133.8691,113.4565,118.4886,129.0044,0.0
KOSPI,2025-10-28,4010.4099,3588.341,3428.0714,3146.0487,111.7622,116.9874,127.4745,-0.8019
KOSPI,2025-10-29,4081.1499,3613.895,3445.8962,3158.6798,112.9294,118.4351,129.2043,0.0
KOSPI,2025-10-30,4086.8899,3638.6513,3463.1466,3171.4321,112.3188,118.0109,128.8658,0.0
KOSPI,2025-10-31,4107.5,3662.3833,3480.7834,3184.3297,112.1537,118.005,128.991,0.0
KOSPI,2025-11-03,4221.8701,3689.5353,3501.6752,3198.0636,114.4282,120.5672,132.0133,0.0
KOSPI,2025-11-04,4121.7402,3711.9393,3521.0788,3210.9158,111.0401,117.059,128.3665,-2.3717
KOSPI,2025-11-05,4004.4199,3731.64,3538.5654,3222.8087,107.3099,113.1651,124.2525,-5.1506
KOSPI,2025-11-06,4026.45,3750.4783,3556.2596,3234.6347,107.3583,113.2215,124.4793,-4.6288
KOSPI,2025-11-07,3953.76,3767.429,3571.9602,3245.8458,104.9458,110.6888,121.8099,-6.3505
KOSPI,2025-11-10,4073.24,3787.582,3589.2278,3257.7848,107.542,113.4851,125.031,-3.5205
KOSPI,2025-11-11,4106.3901,3808.2554,3607.7684,3270.16,107.8286,113.8208,125.5715,-2.7353
KOSPI,2025-11-12,4150.3901,3830.8637,3627.033,3282.856,108.3408,114.4293,126.4262,-1.6931
KOSPI,2025-11-13,4170.6299,3854.181,3646.5192,3295.9161,108.2105,114.3729,126.5393,-1.2137
KOSPI,2025-11-14,4011.5701,3875.0317,3663.0304,3307.6642,103.5235,109.5151,121.2811,-4.9812
KOSPI,2025-11-17,4089.25,3896.9664,3681.9568,3319.8614,104.9342,111.0619,123.1753,-3.1413
KOSPI,2025-11-18,3953.6201,3914.6004,3697.5822,3331.1943,100.9968,106.9245,118.6848,-6.3538
KOSPI,2025-11-19,3929.51,3930.3897,3712.484,3342.3395,99.9776,105.8458,117.5676,-6.9249
KOSPI,2025-11-20,4004.8501,3945.5777,3728.5644,3353.6766,101.5022,107.41,119.4167,-5.1404
KOSPI,2025-11-21,3853.26,3953.6664,3741.5272,3363.8103,97.4604,102.9863,114.5505,-8.731
KOSPI,2025-11-24,3846.0601,3962.3834,3754.0566,3373.6095,97.0643,102.4508,114.0043,-8.9015
KOSPI,2025-11-25,3857.78,3972.249,3766.0112,3383.0857,97.1183,102.4368,114.0314,-8.6239
KOSPI,2025-11-26,3960.8701,3982.3687,3778.938,3393.6123,99.4602,104.8144,116.7155,-6.1821
KOSPI,2025-11-27,3986.9099,3990.32,3791.7922,3404.3452,99.9145,105.1458,117.1124,-5.5653
KOSPI,2025-11-28,3926.5901,3996.2434,3802.4132,3413.9764,98.257,103.2657,115.0151,-6.9941
KOSPI,2025-12-01,3920.3701,3999.766,3812.6744,3423.2124,98.015,102.8247,114.5231,-7.1414
KOSPI,2025-12-02,3994.9299,4005.469,3823.5806,3432.7054,99.7369,104.4814,116.3785,-5.3753
KOSPI,2025-12-03,4036.3,4010.5564,3836.0386,3442.4092,100.6419,105.2205,117.2522,-4.3954
KOSPI,2025-12-04,4028.51,4016.6547,3847.3828,3451.7548,100.2952,104.7078,116.709,-4.58
KOSPI,2025-12-05,4100.0498,4021.9367,3860.479,3461.5883,101.9422,106.2057,118.4442,-2.8855
KOSPI,2025-12-08,4154.8501,4025.6707,3874.203,3472.0902,103.2089,107.244,119.6642,-1.5874
KOSPI,2025-12-09,4143.5498,4030.1087,3887.3502,3482.0643,102.8148,106.5906,118.9969,-1.8551
KOSPI,2025-12-10,4135.0,4031.9037,3900.6074,3491.9368,102.557,106.0091,118.4157,-2.0576
KOSPI,2025-12-11,4110.6201,4032.6947,3913.3976,3501.4237,101.9323,105.0397,117.3985,-2.6351
KOSPI,2025-12-12,4167.1602,4034.6834,3929.0198,3511.3355,103.2834,106.0611,118.6774,-1.2959
KOSPI,2025-12-15,4090.5901,4030.3074,3942.2074,3520.2418,101.4957,103.7639,116.202,-3.1095
KOSPI,2025-12-16,3999.1299,4026.2204,3953.698,3528.4473,99.3271,101.1491,113.3397,-5.2759
KOSPI,2025-12-17,4056.4099,4027.9534,3965.7096,3536.387,100.7065,102.2871,114.7049,-3.9191
KOSPI,2025-12-18,3994.51,4026.8887,3974.6156,3543.7725,99.1959,100.5005,112.7191,-5.3853
KOSPI,2025-12-19,4020.55,4029.115,3982.8146,3551.6141,99.7874,100.9475,113.2035,-4.7685
KOSPI,2025-12-22,4105.9302,4030.2047,3993.2422,3560.364,101.8789,102.822,115.3233,-2.7462
KOSPI,2025-12-23,4117.3198,4030.569,4004.3524,3569.0775,102.1523,102.8211,115.3609,-2.4764
KOSPI,2025-12-24,4108.6201,4029.1767,4013.3792,3577.5689,101.9717,102.3731,114.8439,-2.6825
KOSPI,2025-12-26,4129.6802,4027.8117,4021.0054,3586.3574,102.5291,102.7027,115.1497,-2.1836
KOSPI,2025-12-29,4220.5601,4034.778,4030.4388,3595.5598,104.6045,104.7171,117.3826,-0.031
KOSPI,2025-12-30,4214.1699,4038.942,4038.4284,3605.2256,104.3385,104.3517,116.8906,-0.1824
KOSPI,2026-01-02,4309.6299,4050.809,4048.1442,3615.6436,106.3894,106.4594,119.194,0.0
KOSPI,2026-01-05,4457.52,4068.4094,4059.621,3626.8317,109.5642,109.8014,122.904,0.0
KOSPI,2026-01-06,4525.48,4085.7637,4073.2194,3638.4295,110.7622,111.1033,124.38,0.0
KOSPI,2026-01-07,4551.0601,4109.0237,4085.4088,3649.8281,110.7577,111.3979,124.6924,0.0
KOSPI,2026-01-08,4552.3701,4132.5674,4095.5996,3661.2998,110.1584,111.1527,124.3375,0.0
KOSPI,2026-01-09,4586.3198,4156.852,4107.1178,3672.8355,110.3316,111.6676,124.8714,0.0
KOSPI,2026-01-12,4624.79,4178.9827,4117.9906,3684.5814,110.6678,112.307,125.5174,0.0
KOSPI,2026-01-13,4692.6401,4202.507,4130.1056,3697.1336,111.6629,113.6203,126.9264,0.0
KOSPI,2026-01-14,4723.1001,4229.0573,4142.4176,3709.8904,111.6821,114.018,127.311,0.0
KOSPI,2026-01-15,4797.5498,4258.2967,4153.9312,3723.3027,112.6636,115.4942,128.852,0.0
KOSPI,2026-01-16,4840.7402,4286.4903,4168.3112,3736.8854,112.9302,116.1319,129.5394,0.0
KOSPI,2026-01-19,4904.6602,4315.4357,4186.316,3751.3414,113.6539,117.1593,130.7442,0.0
KOSPI,2026-01-20,4885.75,4344.0104,4203.502,3765.5246,112.471,116.2305,129.7495,-0.3856
KOSPI,2026-01-21,4909.9302,4371.0064,4222.6254,3779.8536,112.3295,116.2767,129.8974,0.0
KOSPI,2026-01-22,4952.5298,4397.5957,4240.2112,3794.4909,112.619,116.7991,130.519,0.0
KOSPI,2026-01-23,4990.0698,4425.813,4257.8848,3809.3288,112.7492,117.196,130.996,0.0
KOSPI,2026-01-26,4949.5898,4452.966,4273.8688,3823.654,111.1527,115.8105,129.4466,-0.8112
KOSPI,2026-01-27,5084.8501,4485.4403,4292.1532,3838.9072,113.3635,118.4685,132.4557,0.0
KOSPI,2026-01-28,5170.8101,4518.8953,4315.338,3854.9519,114.4264,119.824,134.1342,0.0
KOSPI,2026-01-29,5221.25,4556.584,4337.978,3872.4673,114.5869,120.3614,134.8301,0.0
KOSPI,2026-01-30,5224.3599,4597.425,4363.3928,3889.7723,113.6367,119.7316,134.3102,0.0
KOSPI,2026-02-02,4949.6699,4627.2003,4383.796,3904.3696,106.969,112.9083,126.7726,-5.2579
KOSPI,2026-02-03,5288.0801,4670.3193,4409.4606,3921.7858,113.2274,119.9258,134.8386,0.0
KOSPI,2026-02-04,5371.1001,4715.3377,4439.8174,3939.6476,113.907,120.9757,136.3345,0.0
KOSPI,2026-02-05,5163.5698,4750.5923,4466.1676,3955.9273,108.6932,115.6152,130.5274,-3.8638
KOSPI,2026-02-06,5089.1401,4782.9863,4490.7948,3971.6137,106.4009,113.3238,128.1378,-5.2496
KOSPI,2026-02-09,5298.04,4822.6337,4517.5382,3989.1814,109.8578,117.2771,132.8102,-1.3602
KOSPI,2026-02-10,5301.6899,4861.7007,4543.8338,4006.4924,109.0501,116.6788,132.3275,-1.2923
KOSPI,2026-02-11,5354.4902,4899.4983,4572.3918,4024.2327,109.2865,117.1048,133.0562,-0.3092
KOSPI,2026-02-12,5522.27,4943.1017,4604.4298,4043.7743,111.7167,119.9339,136.5623,0.0
KOSPI,2026-02-13,5507.0098,4983.0143,4634.6714,4063.403,110.5156,118.822,135.527,-0.2763
KOSPI,2026-02-19,5677.25,5023.672,4667.4904,4084.6293,113.01,121.6339,138.9906,0.0
KOSPI,2026-02-20,5808.5298,5066.4403,4703.0908,4106.8526,114.6472,123.5045,141.4351,0.0
KOSPI,2026-02-23,5846.0898,5109.608,4738.0116,4129.1639,114.4137,123.387,141.5805,0.0
KOSPI,2026-02-24,5969.6401,5156.8503,4774.3074,4152.1621,115.7614,125.0368,143.7718,0.0
KOSPI,2026-02-25,6083.8599,5206.7683,4813.1136,4176.3663,116.8452,126.4018,145.6735,0.0
KOSPI,2026-02-26,6307.27,5262.851,4856.559,4202.3672,119.8451,129.8712,150.0885,0.0
KOSPI,2026-02-27,6244.1299,5314.5673,4899.2292,4227.7656,117.4908,127.4513,147.6934,-1.0011
KOSPI,2026-03-03,5791.9102,5350.1943,4931.7242,4249.4814,108.2561,117.4419,136.2969,-8.1709
KOSPI,2026-03-04,5093.54,5360.0607,4951.7832,4265.7365,95.0277,102.8627,119.4059,-19.2433
KOSPI,2026-03-05,5583.8999,5384.8326,4983.4786,4285.8328,103.6968,112.0482,130.2874,-11.4688
KOSPI,2026-03-06,5584.8701,5407.5063,5014.0478,4305.8365,103.28,111.3845,129.7046,-11.4534
KOSPI,2026-03-09,5251.8701,5419.7103,5039.195,4322.9285,96.9032,104.2204,121.4887,-16.7331
KOSPI,2026-03-10,5532.5898,5440.4656,5069.4358,4342.3241,101.6933,109.1362,127.4108,-12.2823
KOSPI,2026-03-11,5609.9502,5462.3797,5099.5162,4362.2438,102.7016,110.0095,128.6024,-11.0558
KOSPI,2026-03-12,5583.25,5482.1523,5128.8348,4381.6038,101.8441,108.86,127.4248,-11.4791
KOSPI,2026-03-13,5487.2402,5500.074,5156.4072,4399.7097,99.7667,106.416,124.7182,-13.0013
KOSPI,2026-03-16,5549.8501,5515.574,5184.8106,4418.0901,100.6214,107.0406,125.6165,-12.0087
KOSPI,2026-03-17,5640.48,5531.2297,5213.209,4436.7979,101.9752,108.1959,127.1295,-10.5718
KOSPI,2026-03-18,5925.0298,5554.689,5247.4262,4457.7789,106.6672,112.9131,132.9144,-6.0603
KOSPI,2026-03-19,5763.2202,5572.651,5276.498,4477.0589,103.4197,109.2243,128.7278,-8.6258
KOSPI,2026-03-20,5781.2002,5600.3687,5302.9716,4496.7906,103.2289,109.0181,128.5628,-8.3407
KOSPI,2026-03-23,5405.75,5604.291,5320.577,4512.9943,96.4573,101.6008,119.7819,-14.2933
KOSPI,2026-03-24,5553.9199,5610.385,5340.6342,4530.5667,98.9936,103.9936,122.5878,-11.9442
KOSPI,2026-03-25,5642.21,5626.3397,5362.431,4548.6797,100.2821,105.2174,124.0406,-10.5443
KOSPI,2026-03-26,5460.46,5638.717,5379.9138,4565.1319,96.8387,101.4972,119.6123,-13.4259
KOSPI,2026-03-27,5438.8701,5643.4113,5396.1954,4581.5214,96.3756,100.7908,118.7132,-13.7682
KOSPI,2026-03-30,5277.2998,5642.5983,5407.8886,4596.5729,93.5261,97.5852,114.8094,-16.3299
KOSPI,2026-03-31,5052.46,5632.5307,5414.4758,4610.4597,89.7014,93.3139,109.5869,-19.8947
KOSPI,2026-04-01,5478.7002,5631.0783,5428.0988,4627.5221,97.294,100.9322,118.3938,-13.1367
KOSPI,2026-04-02,5234.0498,5621.9797,5435.965,4642.6008,93.0998,96.2856,112.7396,-17.0156
KOSPI,2026-04-03,5377.2998,5611.9813,5445.4178,4658.6131,95.8182,98.7491,115.4271,-14.7444
KOSPI,2026-04-06,5450.3301,5600.0413,5456.7094,4674.4558,97.3266,99.8831,116.5982,-13.5865
KOSPI,2026-04-07,5494.7798,5588.331,5468.4064,4690.1573,98.326,100.4823,117.1556,-12.8818
KOSPI,2026-04-08,5872.3398,5585.0877,5486.8026,4709.2222,105.1432,107.0266,124.6987,-6.8957
KOSPI,2026-04-09,5778.0098,5574.8927,5502.5614,4727.6905,103.6434,105.0058,122.2163,-8.3913
KOSPI,2026-04-10,5858.8701,5559.946,5520.747,4746.0371,105.3764,106.1246,123.4476,-7.1093
KOSPI,2026-04-13,5808.6201,5545.429,5535.2224,4763.2058,104.7461,104.9392,121.9477,-7.906
KOSPI,2026-04-14,5967.75,5551.2903,5551.1612,4781.6963,107.502,107.5045,124.804,-5.383
KOSPI,2026-04-15,6091.3901,5584.552,5568.564,4800.6688,109.0757,109.3889,126.8863,-3.4227
KOSPI,2026-04-16,6226.0498,5605.957,5588.5978,4820.6873,111.0613,111.4063,129.1527,-1.2877
KOSPI,2026-04-17,6191.9199,5626.192,5613.4428,4839.9226,110.0553,110.3052,127.9343,-1.8288
KOSPI,2026-04-20,6219.0898,5658.4326,5632.063,4859.702,109.9083,110.4229,127.9727,-1.3981
KOSPI,2026-04-21,6388.4702,5686.962,5652.4104,4880.0927,112.3354,113.0221,130.9088,0.0
KOSPI,2026-04-22,6417.9302,5713.8947,5677.4976,4899.8852,112.3215,113.0415,130.9812,0.0
KOSPI,2026-04-23,6475.8101,5743.6467,5705.231,4920.4302,112.7474,113.5065,131.6106,0.0
KOSPI,2026-04-24,6475.6299,5776.593,5728.7828,4940.3842,112.1012,113.0367,131.0754,-0.0028
KOSPI,2026-04-27,6615.0298,5812.099,5755.0496,4961.452,113.8148,114.9431,133.3285,0.0
KOSPI,2026-04-28,6641.02,5845.4503,5780.7802,4982.5647,113.6101,114.881,133.2852,0.0
KOSPI,2026-04-29,6690.8999,5870.9793,5804.1528,5003.1399,113.9657,115.2778,133.734,0.0
KOSPI,2026-04-30,6598.8701,5898.8343,5825.99,5023.7827,111.8674,113.2661,131.3526,-1.3754
KOSPI,2026-05-04,6936.9902,5937.3606,5851.1848,5048.2208,116.8363,118.557,137.4146,0.0
KOSPI,2026-05-06,7384.5601,6003.321,5882.7054,5076.205,123.0079,125.53,145.474,0.0
KOSPI,2026-05-07,7490.0498,6067.8586,5915.5846,5105.6741,123.4381,126.6155,146.7005,0.0
KOSPI,2026-05-08,7498.0,6129.7183,5946.1518,5134.2138,122.3221,126.0984,146.0399,0.0
KOSPI,2026-05-11,7822.2402,6208.4443,5980.9194,5165.1792,125.9936,130.7866,151.4418,0.0
KOSPI,2026-05-12,7643.1499,6281.9203,6007.637,5194.2855,121.669,127.2239,147.1454,-2.2895
KOSPI,2026-05-13,7844.0098,6367.4773,6039.6346,5224.897,123.1887,129.8756,150.1275,0.0
KOSPI,2026-05-14,7981.4102,6465.109,6083.4246,5257.979,123.4536,131.1993,151.7962,0.0
KOSPI,2026-05-15,7493.1802,6532.2583,6131.4174,5286.3451,114.7104,122.2096,141.746,-6.1171
KOSPI,2026-05-18,7516.04,6608.3247,6170.0602,5316.0319,113.7359,121.8147,141.3844,-5.8307
KOSPI,2026-05-19,7271.6602,6671.47,6203.796,5343.8832,108.9964,117.2131,136.0745,-8.8925
KOSPI,2026-05-20,7208.9502,6730.0907,6242.9376,5370.584,107.1152,115.4737,134.2303,-9.6782
KOSPI,2026-05-21,7815.5898,6807.451,6288.5976,5403.6034,114.8093,124.2819,144.6366,-2.0776
KOSPI,2026-05-22,7847.71,6873.2967,6333.3528,5436.9505,114.1768,123.9108,144.3403,-1.6751
KOSPI,2026-05-26,8047.5098,6948.9467,6382.638,5471.8649,115.8091,126.0844,147.0707,0.0
KOSPI,2026-05-27,8228.7002,7027.941,6437.4672,5507.4302,117.0855,127.8251,149.4109,0.0
KOSPI,2026-05-28,8185.29,7107.1633,6490.176,5542.4167,115.1696,126.1182,147.6845,-0.5275
KOSPI,2026-05-29,8476.1504,7190.7767,6546.8894,5580.3297,117.8753,129.4684,151.8934,0.0
KOSPI,2026-06-01,8788.3799,7280.6764,6604.1564,5620.8964,120.7083,133.0735,156.3519,0.0
KOSPI,2026-06-02,8801.4902,7366.5244,6664.9218,5660.9511,119.4796,132.0569,155.4772,0.0
KOSPI,2026-06-04,8639.4102,7448.1074,6722.086,5699.3103,115.9947,128.5228,151.5869,-1.8415
KOSPI,2026-06-05,8160.5898,7512.824,6777.1828,5733.7443,108.6221,120.4127,142.3257,-7.2817
KOSPI,2026-06-08,7484.4102,7549.3554,6815.7926,5761.9473,99.1397,109.8098,129.8938,-14.9643
KOSPI,2026-06-09,8096.9302,7605.322,6864.887,5794.798,106.464,117.947,139.7276,-8.005
KOSPI,2026-06-10,7730.8198,7647.1557,6910.2942,5824.6919,101.0941,111.874,132.725,-12.1646
KOSPI,2026-06-11,7763.9502,7690.0997,6956.7958,5854.9332,100.9603,111.6024,132.6053,-11.7882
KOSPI,2026-06-12,8123.6201,7740.3861,7013.7222,5888.3748,104.9511,115.8247,137.9603,-7.7018
KOSPI,2026-06-15,8545.9805,7803.8847,7083.5926,5924.865,109.5093,120.6447,144.2392,-2.903
KOSPI,2026-06-16,8726.5996,7871.7414,7148.5506,5963.4984,110.8598,122.0751,146.3336,-0.8509
KOSPI,2026-06-17,8864.2402,7947.2537,7221.1544,6004.041,111.5384,122.7538,147.6379,0.0
KOSPI,2026-06-18,9063.8398,8018.1487,7294.8852,6045.7696,113.0416,124.2492,149.9204,0.0
KOSPI,2026-06-19,9052.4199,8073.744,7366.927,6087.9188,112.1217,122.8792,148.6948,-0.126
KOSPI,2026-06-22,9114.5498,8127.894,7439.3224,6130.3688,112.1391,122.5185,148.6787,0.0
KOSPI,2026-06-23,8203.8398,8151.422,7485.9524,6164.5181,100.6431,109.5898,133.0816,-9.9918
KOSPI,2026-06-24,8471.0195,8173.048,7539.8126,6200.7989,103.6458,112.3505,136.6117,-7.0605
KOSPI,2026-06-25,8930.2998,8215.953,7601.2412,6240.9796,108.6946,117.4848,143.0913,-2.0215
KOSPI,2026-06-26,8411.21,8234.8597,7653.293,6276.659,102.1415,109.9031,134.0078,-7.7167
KOSPI,2026-06-29,8394.6504,8248.6344,7701.831,6311.4431,101.7702,108.9955,133.0068,-7.8984
KOSPI,2026-06-30,8476.4805,8281.411,7749.5328,6346.9623,102.3555,109.3805,133.5518,-7.0006
KOSPI,2026-07-01,8303.4102,8307.6567,7791.08,6380.2438,99.9489,106.5759,130.1425,-8.8994
KOSPI,2026-07-02,7648.0898,8320.2044,7820.2034,6406.8319,91.9219,97.7991,119.374,-16.0892
KOSPI,2026-07-03,8088.3398,8349.5174,7857.5884,6436.5224,96.8719,102.9367,125.6632,-11.259
KOSPI,2026-07-06,8051.3301,8357.3754,7890.8456,6465.6913,96.338,102.0338,124.5239,-11.6651
KOSPI,2026-07-07,7656.3101,8350.9954,7915.6132,6491.5575,91.6814,96.7242,117.9426,-15.999
KOSPI,2026-07-08,7246.79,8324.3047,7931.0328,6513.7281,87.0558,91.3726,111.2541,-20.4921
KOSPI,2026-07-09,7291.9102,8293.0784,7947.3584,6535.9541,87.9277,91.7526,111.5661,-19.997
KOSPI,2026-07-10,7475.9399,8269.4334,7964.5766,6559.1483,90.4045,93.8649,113.9773,-17.978
KOSPI,2026-07-13,6806.9302,8213.7927,7967.8948,6576.5135,82.872,85.4295,103.5036,-25.318
KOSPI,2026-07-14,6856.8301,8149.4077,7971.2134,6593.6742,84.139,86.0199,103.991,-24.7705
KOSPI,2026-07-15,7284.4102,8098.8384,7984.9242,6614.0381,89.9439,91.227,110.1356,-20.0793
KOSPI,2026-07-16,6820.6001,8038.2114,7982.5964,6630.0043,84.8522,85.4434,102.8747,-25.168
KOSDAQ,2025-06-25,798.21,752.832,738.2116,729.0768,106.0276,108.1275,109.4823,-8.3918
KOSDAQ,2025-06-26,787.95,754.701,740.3348,729.9827,104.4056,106.4316,107.9409,-9.5693
KOSDAQ,2025-06-27,781.56,756.118,742.0542,730.8282,103.3648,105.3238,106.9417,-10.3026
KOSDAQ,2025-06-30,781.5,757.727,743.5046,731.7103,103.1374,105.1103,106.8046,-9.3587
KOSDAQ,2025-07-01,783.67,759.6803,744.9396,732.6912,103.1579,105.1991,106.9577,-8.9994
KOSDAQ,2025-07-02,782.17,761.961,746.6008,733.5577,102.6522,104.7642,106.6269,-9.1736
KOSDAQ,2025-07-03,793.33,764.5537,748.2324,734.4468,103.7638,106.0272,108.0174,-7.8777
KOSDAQ,2025-07-04,775.8,766.293,749.393,735.0305,101.2406,103.5238,105.5466,-9.8347
KOSDAQ,2025-07-07,778.46,768.3193,750.6532,735.5347,101.3199,103.7044,105.8359,-9.5256
KOSDAQ,2025-07-08,784.24,770.5947,752.0156,736.0842,101.7708,104.2851,106.5422,-8.8538
KOSDAQ,2025-07-09,790.36,772.7643,753.3012,736.6737,102.277,104.9195,107.2877,-8.1425
KOSDAQ,2025-07-10,797.7,775.1173,754.7336,737.2918,102.9135,105.6929,108.1933,-7.2895
KOSDAQ,2025-07-11,800.47,777.5067,756.1492,737.98,102.9535,105.8614,108.4677,-6.9675
KOSDAQ,2025-07-14,799.37,779.6093,757.7484,738.7397,102.5347,105.4928,108.2073,-7.0954
KOSDAQ,2025-07-15,812.88,782.227,759.4768,739.53,103.9187,107.0316,109.9185,-5.5252
KOSDAQ,2025-07-16,812.23,784.625,761.3766,740.3685,103.5182,106.6791,109.7062,-5.6008
KOSDAQ,2025-07-17,818.27,786.8937,763.3048,741.1521,103.9874,107.201,110.4051,-4.8988
KOSDAQ,2025-07-18,820.67,789.0417,765.262,741.9519,104.0084,107.2404,110.6096,-4.6198
KOSDAQ,2025-07-21,821.69,790.9577,767.104,742.7355,103.8855,107.1159,110.6302,-4.5013
KOSDAQ,2025-07-22,812.97,792.35,768.913,743.4597,102.6024,105.7298,109.3496,-5.5148
KOSDAQ,2025-07-23,813.56,793.259,770.6762,744.1367,102.5592,105.5644,109.3294,-5.4462
KOSDAQ,2025-07-24,809.89,793.9403,772.2364,744.8524,102.0089,104.8759,108.7316,-5.6677
KOSDAQ,2025-07-25,806.95,795.21,773.5944,745.5042,101.4763,104.3118,108.2422,-5.3853
KOSDAQ,2025-07-28,804.4,796.1147,775.0178,746.1384,101.0407,103.7912,107.8084,-5.6843
KOSDAQ,2025-07-29,804.45,797.0747,776.6054,746.9772,100.9253,103.5854,107.6941,-5.6784
KOSDAQ,2025-07-30,803.67,797.8727,778.4038,747.6751,100.7266,103.2459,107.4892,-4.2806
KOSDAQ,2025-07-31,805.24,798.6303,780.1976,748.2939,100.8276,103.2098,107.6101,-2.9141
KOSDAQ,2025-08-01,772.79,798.0057,781.181,748.5645,96.8402,98.9259,103.2363,-6.749
KOSDAQ,2025-08-04,784.06,797.9813,782.5088,748.9075,98.2554,100.1982,104.6938,-5.389
KOSDAQ,2025-08-05,798.6,797.9037,784.1612,749.3152,100.0873,101.8413,106.5773,-2.8101
KOSDAQ,2025-08-06,803.49,798.0797,785.7256,749.7644,100.6779,102.2609,107.1657,-2.2149
KOSDAQ,2025-08-07,805.81,798.675,787.2996,750.2697,100.8934,102.3511,107.4027,-1.9326
KOSDAQ,2025-08-08,809.27,799.5987,788.9092,750.7696,101.2095,102.5809,107.7921,-1.5115
KOSDAQ,2025-08-11,811.85,800.6103,790.4204,751.2323,101.4039,102.7112,108.0691,-1.1975
KOSDAQ,2025-08-12,807.19,801.3943,791.8772,751.5549,100.7232,101.9337,107.4027,-1.7647
KOSDAQ,2025-08-13,814.1,802.4587,793.3534,751.892,101.4507,102.615,108.2735,-0.9237
KOSDAQ,2025-08-14,815.26,803.1897,794.6544,752.2002,101.5028,102.593,108.3834,-0.7825
KOSDAQ,2025-08-18,798.05,803.9313,795.4908,752.4484,99.2684,100.3217,106.0604,-2.877
KOSDAQ,2025-08-19,787.96,804.248,795.9658,752.5593,97.9748,98.9942,104.704,-4.105
KOSDAQ,2025-08-20,777.61,804.027,796.094,752.595,96.7144,97.6782,103.3238,-5.3646
KOSDAQ,2025-08-21,777.24,803.5897,795.913,752.6601,96.721,97.6539,103.2657,-5.4096
KOSDAQ,2025-08-22,782.51,803.0833,795.7742,752.7526,97.4382,98.3332,103.9531,-4.7682
KOSDAQ,2025-08-25,798.02,803.0017,796.3574,752.979,99.3796,100.2088,105.9817,-2.8806
KOSDAQ,2025-08-26,801.66,803.078,796.8454,753.4598,99.8234,100.6042,106.3972,-2.4377
KOSDAQ,2025-08-27,801.72,802.706,797.3668,753.9917,99.8772,100.5459,106.3301,-2.4304
KOSDAQ,2025-08-28,798.43,802.246,797.7408,754.4207,99.5243,100.0864,105.8335,-2.8308
KOSDAQ,2025-08-29,796.91,801.534,798.0288,754.9372,99.4231,99.8598,105.5598,-3.0157
KOSDAQ,2025-09-01,785.0,800.345,797.8982,755.4147,98.0827,98.3835,103.9164,-4.4652
KOSDAQ,2025-09-02,794.0,799.422,798.0824,755.9829,99.3218,99.4885,105.0288,-3.3699
KOSDAQ,2025-09-03,796.81,798.8833,798.0,756.6105,99.7405,99.8509,105.3131,-3.0279
KOSDAQ,2025-09-04,805.42,798.612,798.1442,757.2432,100.8525,100.9116,106.3621,-1.9801
KOSDAQ,2025-09-05,811.4,798.6623,798.6132,757.9816,101.5949,101.6011,107.0475,-1.2523
KOSDAQ,2025-09-08,818.6,799.0507,799.354,758.6844,102.4466,102.4077,107.8973,-0.3761
KOSDAQ,2025-09-09,824.82,799.7313,800.2204,759.362,103.1371,103.0741,108.6201,0.0
KOSDAQ,2025-09-10,833.0,800.683,801.207,760.0908,104.0362,103.9681,109.5922,0.0
KOSDAQ,2025-09-11,834.76,801.7193,802.2588,760.8942,104.1212,104.0512,109.7078,0.0
KOSDAQ,2025-09-12,847.08,803.114,803.3338,761.9103,105.4744,105.4456,111.1784,0.0
KOSDAQ,2025-09-15,852.69,805.7773,804.8716,763.021,105.822,105.9411,111.7518,0.0
KOSDAQ,2025-09-16,851.84,808.0367,806.3392,764.1178,105.421,105.6429,111.4802,-0.0997
KOSDAQ,2025-09-17,845.53,809.601,807.565,765.2367,104.4379,104.7012,110.4926,-0.8397
KOSDAQ,2025-09-18,857.11,811.3883,808.9,766.4087,105.635,105.9599,111.8346,0.0
KOSDAQ,2025-09-19,863.11,813.2983,810.2082,767.7055,106.1246,106.5294,112.4272,0.0
KOSDAQ,2025-09-22,874.36,815.468,811.686,769.2105,107.2219,107.7215,113.6698,0.0
KOSDAQ,2025-09-23,872.21,817.48,813.1428,770.8718,106.695,107.2641,113.1459,-0.2459
KOSDAQ,2025-09-24,860.94,819.2717,814.104,772.2842,105.086,105.7531,111.4797,-1.5348
KOSDAQ,2025-09-25,852.48,820.551,814.909,773.6812,103.8912,104.6105,110.1849,-2.5024
KOSDAQ,2025-09-26,835.19,821.2153,815.2474,774.9453,101.7017,102.4462,107.7741,-4.4798
KOSDAQ,2025-09-29,846.71,822.8373,815.7682,776.273,102.9013,103.793,109.0737,-3.1623
KOSDAQ,2025-09-30,841.99,824.6383,816.1742,777.8621,102.1042,103.163,108.2441,-3.7021
KOSDAQ,2025-10-01,845.34,826.896,816.8216,779.4195,102.2305,103.4914,108.4576,-3.319
KOSDAQ,2025-10-02,854.25,829.463,817.6354,781.1767,102.9883,104.4781,109.3543,-2.3
KOSDAQ,2025-10-10,859.49,832.029,818.6274,782.6575,103.3005,104.9916,109.8169,-1.7007
KOSDAQ,2025-10-13,860.49,834.1113,819.6982,784.0317,103.1625,104.9764,109.7519,-1.5863
KOSDAQ,2025-10-14,847.96,835.6547,820.5694,785.1898,101.4725,103.338,107.9943,-3.0193
KOSDAQ,2025-10-15,864.72,837.7547,821.7748,786.4632,103.2188,105.2259,109.9505,-1.1025
KOSDAQ,2025-10-16,865.41,839.9873,823.0096,787.849,103.0266,105.1519,109.8446,-1.0236
KOSDAQ,2025-10-17,859.54,842.075,824.0956,789.0806,102.074,104.301,108.9293,-1.695
KOSDAQ,2025-10-20,875.77,845.1007,826.1552,790.3972,103.6291,106.0055,110.8012,0.0
KOSDAQ,2025-10-21,872.5,847.7173,827.924,791.706,102.9235,105.3841,110.2051,-0.3734
KOSDAQ,2025-10-22,879.15,850.462,829.535,793.0646,103.3732,105.9811,110.8548,0.0
KOSDAQ,2025-10-23,872.03,852.6823,830.9058,794.2808,102.269,104.9493,109.7886,-0.8099
KOSDAQ,2025-10-24,883.08,855.0717,832.4512,795.5892,103.2756,106.0819,110.997,0.0
KOSDAQ,2025-10-27,902.7,857.875,834.3198,797.0309,105.2251,108.1959,113.2578,0.0
KOSDAQ,2025-10-28,903.3,860.491,836.1488,798.5633,104.9749,108.031,113.1156,0.0
KOSDAQ,2025-10-29,901.59,862.7773,838.0368,800.0227,104.4986,107.5836,112.6955,-0.1893
KOSDAQ,2025-10-30,890.86,864.6473,839.572,801.4696,103.0316,106.1088,111.1533,-1.3772
KOSDAQ,2025-10-31,900.42,866.4253,841.2752,802.9576,103.9236,107.0304,112.1379,-0.3188
KOSDAQ,2025-11-03,914.55,868.4873,843.6052,804.5554,105.3038,108.4097,113.6715,0.0
KOSDAQ,2025-11-04,926.57,870.9783,846.3774,806.1969,106.3827,109.4748,114.931,0.0
KOSDAQ,2025-11-05,901.89,872.857,848.863,807.6917,103.3262,106.2468,111.6627,-2.6636
KOSDAQ,2025-11-06,898.17,874.2257,851.2816,809.1314,102.7389,105.508,111.0042,-3.0651
KOSDAQ,2025-11-07,876.81,874.6823,853.1676,810.3392,100.2432,102.7711,108.2028,-5.3703
KOSDAQ,2025-11-10,888.35,875.1487,854.9742,811.5833,101.5085,103.9037,109.4589,-4.1249
KOSDAQ,2025-11-11,884.27,875.5507,856.6264,812.842,100.9959,103.227,108.7874,-4.5652
KOSDAQ,2025-11-12,906.51,877.0697,858.7222,814.354,103.3567,105.565,111.3165,-2.165
KOSDAQ,2025-11-13,918.37,879.266,861.121,816.0592,104.4473,106.6482,112.5372,-0.885
KOSDAQ,2025-11-14,897.9,881.3563,863.1408,817.5787,101.8771,104.0271,109.8243,-3.0942
KOSDAQ,2025-11-17,902.67,883.2217,865.4942,819.0708,102.202,104.2953,110.2066,-2.5794
KOSDAQ,2025-11-18,878.7,884.4453,867.1882,820.4127,99.3504,101.3275,107.1046,-5.1664
KOSDAQ,2025-11-19,871.32,885.3113,868.6784,821.7072,98.4196,100.3041,106.0378,-5.9629
KOSDAQ,2025-11-20,891.94,886.5677,870.4088,823.0962,100.606,102.4737,108.364,-3.7374
KOSDAQ,2025-11-21,863.95,886.7163,871.4598,824.2365,97.4325,99.1383,104.8182,-6.7583
KOSDAQ,2025-11-24,856.44,886.5813,872.2166,825.3002,96.6003,98.1912,103.7731,-7.5688
KOSDAQ,2025-11-25,856.03,886.8503,872.8408,826.2981,96.5247,98.074,103.5982,-7.613
KOSDAQ,2025-11-26,877.32,887.2703,873.7272,827.4895,98.8785,100.4112,106.0219,-5.3153
KOSDAQ,2025-11-27,880.06,887.7587,874.6332,828.6543,99.1328,100.6205,106.2035,-5.0196
KOSDAQ,2025-11-28,912.67,889.5297,875.945,830.0081,102.6014,104.1926,109.9592,-1.5002
KOSDAQ,2025-12-01,922.38,891.0833,877.3388,831.3927,103.5122,105.1338,110.944,-0.4522
KOSDAQ,2025-12-02,928.42,892.9473,878.8704,832.7611,103.9725,105.6379,111.487,0.0
KOSDAQ,2025-12-03,932.01,894.7093,880.6,834.1012,104.169,105.8381,111.7382,0.0
KOSDAQ,2025-12-04,929.83,896.636,882.0544,835.2973,103.7021,105.4164,111.3172,-0.2339
KOSDAQ,2025-12-05,924.74,898.0247,883.287,836.4247,102.9749,104.693,110.5587,-0.78
KOSDAQ,2025-12-08,927.79,898.861,884.3556,837.7492,103.2184,104.9114,110.7479,-0.4528
KOSDAQ,2025-12-09,931.35,899.796,885.5384,839.0332,103.5068,105.1733,111.0027,-0.0708
KOSDAQ,2025-12-10,935.0,900.9097,887.0196,840.3612,103.784,105.4092,111.2617,0.0
KOSDAQ,2025-12-11,934.64,902.369,888.6628,841.6521,103.5763,105.1738,111.0483,-0.0385
KOSDAQ,2025-12-12,937.34,903.5997,890.7058,842.9423,103.734,105.2356,111.1986,0.0
KOSDAQ,2025-12-15,938.83,904.409,892.5482,844.1698,103.8059,105.1854,111.2134,0.0
KOSDAQ,2025-12-16,916.11,904.0603,894.0306,845.2642,101.3328,102.4696,108.3815,-2.42
KOSDAQ,2025-12-17,911.07,904.3663,895.3452,846.182,100.7413,101.7563,107.6683,-2.9569
KOSDAQ,2025-12-18,901.33,904.4717,896.2868,847.0413,99.6527,100.5627,106.4092,-3.9943
KOSDAQ,2025-12-19,915.27,905.7537,897.4024,848.1023,101.0507,101.991,107.9198,-2.5095
KOSDAQ,2025-12-22,929.14,907.1133,898.7754,849.3322,102.4282,103.3784,109.3965,-1.0321
KOSDAQ,2025-12-23,919.56,908.2897,900.2074,850.4827,101.2408,102.1498,108.1221,-2.0526
KOSDAQ,2025-12-24,915.2,908.5793,901.217,851.5788,100.7287,101.5516,107.471,-2.517
KOSDAQ,2025-12-26,919.67,908.6227,902.3022,852.7246,101.2158,101.9248,107.8508,-2.0408
KOSDAQ,2025-12-29,932.59,909.779,903.7632,853.8851,102.5073,103.1896,109.2173,-0.6647
KOSDAQ,2025-12-30,925.47,910.539,904.7572,855.1323,101.6398,102.2893,108.2254,-1.4231
KOSDAQ,2026-01-02,945.57,912.768,906.2186,856.5249,103.5937,104.3424,110.3961,0.0
KOSDAQ,2026-01-05,957.5,915.6407,907.7856,857.9688,104.5716,105.4764,111.6008,0.0
KOSDAQ,2026-01-06,955.97,917.775,909.4644,859.3488,104.1617,105.1135,111.2435,-0.1598
KOSDAQ,2026-01-07,947.39,920.5563,910.7506,860.5962,102.9149,104.023,110.0853,-1.0559
KOSDAQ,2026-01-08,944.06,923.477,911.5778,861.7928,102.2289,103.5633,109.546,-1.4037
KOSDAQ,2026-01-09,947.92,926.54,912.4702,863.0308,102.3075,103.885,109.8362,-1.0005
KOSDAQ,2026-01-12,949.81,928.9563,913.4346,864.1718,102.2448,103.9823,109.9099,-0.8031
KOSDAQ,2026-01-13,948.98,931.2537,914.597,865.3114,101.9035,103.7594,109.6692,-0.8898
KOSDAQ,2026-01-14,942.18,932.2373,915.4322,866.344,101.0665,102.9219,108.7536,-1.6
KOSDAQ,2026-01-15,951.16,933.1967,916.1644,867.4314,101.9249,103.8198,109.6525,-0.6621
KOSDAQ,2026-01-16,954.59,934.069,916.7248,868.5389,102.1969,104.1305,109.9076,-0.3039
KOSDAQ,2026-01-19,968.36,935.2807,918.0542,869.8338,103.5368,105.4796,111.327,0.0
KOSDAQ,2026-01-20,976.37,936.832,919.6182,871.1906,104.2204,106.1712,112.0731,0.0
KOSDAQ,2026-01-21,951.29,937.717,921.1078,872.3689,101.4474,103.2767,109.0468,-2.5687
KOSDAQ,2026-01-22,970.35,939.1357,922.7478,873.7306,103.3237,105.1587,111.0583,-0.6166
KOSDAQ,2026-01-23,993.93,941.2217,924.941,875.31,105.6,107.4587,113.5518,0.0
KOSDAQ,2026-01-26,1064.41,945.5353,928.099,877.4763,112.5722,114.6871,121.3036,0.0
KOSDAQ,2026-01-27,1082.59,950.467,931.3834,879.8007,113.9008,116.2346,123.0495,0.0
KOSDAQ,2026-01-28,1133.52,957.0063,936.0958,882.5363,118.4444,121.0902,128.4389,0.0
KOSDAQ,2026-01-29,1164.41,964.5257,941.3306,885.7998,120.7236,123.6983,131.453,0.0
KOSDAQ,2026-01-30,1149.4399,972.3033,946.7454,888.8447,118.2182,121.4096,129.3184,-1.2856
KOSDAQ,2026-02-02,1098.36,978.5463,951.2862,891.3427,112.244,115.4605,123.2253,-5.6724
KOSDAQ,2026-02-03,1144.33,986.6463,956.334,894.183,115.9818,119.658,127.9749,-1.7245
KOSDAQ,2026-02-04,1149.4301,994.4517,962.0436,897.0465,115.5843,119.478,128.1349,-1.2865
KOSDAQ,2026-02-05,1108.41,1000.4273,967.083,899.5393,110.7937,114.6137,123.2197,-4.8093
KOSDAQ,2026-02-06,1080.77,1005.801,971.5778,901.7803,107.4537,111.2386,119.8485,-7.183
KOSDAQ,2026-02-09,1127.55,1012.8793,976.5824,904.45,111.3213,115.4588,124.6669,-3.1656
KOSDAQ,2026-02-10,1115.2,1019.397,981.2852,906.9592,109.398,113.6469,122.9603,-4.2262
KOSDAQ,2026-02-11,1114.87,1025.473,985.3292,909.4559,108.7176,113.147,122.5865,-4.2545
KOSDAQ,2026-02-12,1125.99,1032.157,989.4014,912.1888,109.091,113.8052,123.4383,-3.2995
KOSDAQ,2026-02-13,1106.08,1037.5073,992.9546,914.8397,106.6094,111.3928,120.9042,-5.0094
KOSDAQ,2026-02-19,1160.71,1044.281,997.5286,918.0322,111.1492,116.3586,126.4346,-0.3178
KOSDAQ,2026-02-20,1154.0,1050.882,1002.012,921.1719,109.8125,115.1683,125.2752,-0.894
KOSDAQ,2026-02-23,1151.99,1057.702,1006.557,924.2509,108.9144,114.4486,124.6404,-1.0666
KOSDAQ,2026-02-24,1165.0,1065.0667,1011.3012,927.3091,109.3828,115.1981,125.6323,0.0
KOSDAQ,2026-02-25,1165.25,1072.311,1015.9792,930.339,108.6672,114.6923,125.25,0.0
KOSDAQ,2026-02-26,1188.15,1080.2557,1021.0422,933.5592,109.9879,116.3664,127.271,0.0
KOSDAQ,2026-02-27,1192.78,1088.3823,1026.205,936.8455,109.592,116.2321,127.3188,0.0
KOSDAQ,2026-03-03,1137.7,1094.8997,1030.2122,939.6854,103.9091,110.4336,121.0724,-4.6178
KOSDAQ,2026-03-04,978.44,1095.809,1031.0044,941.2974,89.2893,94.9016,103.9459,-17.9698
KOSDAQ,2026-03-05,1116.41,1101.203,1035.0104,943.9842,101.3809,107.8646,118.2658,-6.4027
KOSDAQ,2026-03-06,1154.67,1107.4133,1039.8824,946.9663,104.2673,111.0385,121.9336,-3.1951
KOSDAQ,2026-03-09,1102.28,1111.6103,1043.9014,949.4402,99.1606,105.5924,116.0979,-7.5873
KOSDAQ,2026-03-10,1137.6801,1117.8233,1048.3496,952.1592,101.7764,108.5211,119.4842,-4.6195
KOSDAQ,2026-03-11,1136.83,1123.3727,1052.5034,954.8111,101.1979,108.012,119.0633,-4.6907
KOSDAQ,2026-03-12,1148.4,1128.5217,1057.0802,957.5076,101.7615,108.6389,119.9364,-3.7207
KOSDAQ,2026-03-13,1152.96,1131.4733,1061.8354,960.1739,101.899,108.5818,120.0782,-3.3384
KOSDAQ,2026-03-16,1138.29,1133.33,1066.2078,962.7033,100.4377,106.7606,118.2389,-4.5683
KOSDAQ,2026-03-17,1136.9399,1133.444,1070.2948,965.1188,100.3084,106.2268,117.8031,-4.6815
KOSDAQ,2026-03-18,1164.38,1133.443,1075.073,967.7163,102.7295,108.3071,120.3225,-2.381
KOSDAQ,2026-03-19,1143.48,1133.2443,1079.0312,970.1466,100.9032,105.9728,117.8667,-4.1332
KOSDAQ,2026-03-20,1161.52,1135.3497,1083.1116,972.7798,102.305,107.2392,119.4021,-2.6208
KOSDAQ,2026-03-23,1096.89,1133.7683,1085.93,974.778,96.7473,101.0093,112.5272,-8.0392
KOSDAQ,2026-03-24,1121.4399,1132.8353,1089.411,976.9308,98.9941,102.94,114.7922,-5.981
KOSDAQ,2026-03-25,1159.55,1134.54,1093.7208,979.3073,102.2044,106.0188,118.4051,-2.7859
KOSDAQ,2026-03-26,1136.64,1136.4023,1097.4952,981.5109,100.0209,103.5667,115.8051,-4.7067
KOSDAQ,2026-03-27,1141.51,1136.8677,1101.3292,983.849,100.4083,103.6484,116.0249,-4.2984
KOSDAQ,2026-03-30,1107.05,1136.596,1104.4906,985.9704,97.4005,100.2317,112.2802,-7.1874
KOSDAQ,2026-03-31,1052.39,1134.5133,1106.6948,987.7804,92.7614,95.0931,106.5409,-11.77
KOSDAQ,2026-04-01,1116.1801,1134.1863,1109.9952,990.026,98.4124,100.5572,112.7425,-6.422
KOSDAQ,2026-04-02,1056.34,1132.5283,1112.0302,991.8123,93.2727,94.992,106.506,-11.4388
KOSDAQ,2026-04-03,1063.75,1129.2963,1113.938,993.6323,94.1958,95.4945,107.0567,-10.8176
KOSDAQ,2026-04-06,1047.37,1125.742,1115.358,995.2417,93.0382,93.9044,105.2378,-12.1909
KOSDAQ,2026-04-07,1036.73,1121.9,1117.0668,996.7187,92.4084,92.8082,104.0143,-13.0829
KOSDAQ,2026-04-08,1089.85,1119.395,1119.4568,998.63,97.3606,97.3553,109.1345,-8.6294
KOSDAQ,2026-04-09,1076.0,1116.42,1121.0982,1000.5303,96.3795,95.9773,107.543,-9.7906
KOSDAQ,2026-04-10,1093.63,1113.2693,1121.6826,1002.4379,98.2359,97.4991,109.097,-8.3125
KOSDAQ,2026-04-13,1099.84,1110.1713,1122.0276,1004.3915,99.0694,98.0225,109.5031,-7.7919
KOSDAQ,2026-04-14,1121.88,1109.644,1121.7948,1006.5777,101.1027,100.0076,111.4549,-5.9441
KOSDAQ,2026-04-15,1152.4301,1115.4437,1121.5552,1008.8832,103.3158,102.7529,114.2283,-3.3829
KOSDAQ,2026-04-16,1162.97,1116.9957,1121.8258,1011.3038,104.1159,103.6676,114.9971,-2.4992
KOSDAQ,2026-04-17,1170.04,1117.508,1123.2594,1013.7278,104.7008,104.1647,115.4195,-1.9065
KOSDAQ,2026-04-20,1174.85,1119.927,1123.8698,1016.2513,104.9042,104.5361,115.6062,-1.5032
KOSDAQ,2026-04-21,1179.03,1121.3053,1124.4618,1018.7176,105.148,104.8528,115.7367,-1.1528
KOSDAQ,2026-04-22,1181.12,1122.7817,1125.916,1021.0378,105.1959,104.903,115.6784,-0.9776
KOSDAQ,2026-04-23,1174.3101,1123.6453,1127.7868,1023.2962,104.509,104.1252,114.7576,-1.5485
KOSDAQ,2026-04-24,1203.84,1125.3413,1129.3126,1025.8149,106.9755,106.5994,117.3545,0.0
KOSDAQ,2026-04-27,1226.1801,1128.271,1131.5322,1028.6093,108.6778,108.3646,119.2076,0.0
KOSDAQ,2026-04-28,1215.58,1130.8923,1133.5464,1031.2356,107.4886,107.2369,117.8761,-0.8645
KOSDAQ,2026-04-29,1220.26,1132.755,1135.4318,1033.7832,107.725,107.471,118.0383,-0.4828
KOSDAQ,2026-04-30,1192.35,1134.384,1137.1572,1035.998,105.1099,104.8536,115.0919,-2.759
KOSDAQ,2026-05-04,1213.74,1136.1247,1138.2178,1038.5968,106.8316,106.6351,116.8634,-1.0145
KOSDAQ,2026-05-06,1210.17,1139.9007,1139.3412,1041.1968,106.1645,106.2166,116.2288,-1.3057
KOSDAQ,2026-05-07,1199.1801,1142.492,1140.285,1043.8832,104.9618,105.1649,114.8768,-2.202
KOSDAQ,2026-05-08,1207.72,1144.0977,1141.1394,1046.5446,105.5609,105.8346,115.4007,-1.5055
KOSDAQ,2026-05-11,1207.34,1146.4543,1141.9812,1049.2368,105.3108,105.7233,115.0684,-1.5365
KOSDAQ,2026-05-12,1179.29,1147.7137,1141.804,1051.51,102.7512,103.2831,112.1521,-3.8241
KOSDAQ,2026-05-13,1176.9301,1150.043,1141.487,1053.6647,102.3379,103.105,111.6987,-4.0165
KOSDAQ,2026-05-14,1191.09,1154.6663,1142.5548,1056.1079,103.1545,104.248,112.7811,-2.8617
KOSDAQ,2026-05-15,1129.8199,1155.121,1145.5824,1058.0008,97.8097,98.6241,106.7882,-7.8586
KOSDAQ,2026-05-18,1111.09,1156.946,1145.476,1059.9374,96.0365,96.9981,104.826,-9.3861
KOSDAQ,2026-05-19,1084.36,1157.633,1144.0698,1061.7128,93.6704,94.7809,102.1331,-11.566
KOSDAQ,2026-05-20,1056.0699,1157.923,1143.1456,1063.0805,91.2038,92.3828,99.3405,-13.8732
KOSDAQ,2026-05-21,1105.97,1160.231,1142.5114,1065.0973,95.3233,96.8017,103.8375,-9.8036
KOSDAQ,2026-05-22,1161.13,1162.607,1142.9974,1067.6364,99.873,101.5864,108.7571,-5.3051
KOSDAQ,2026-05-26,1172.52,1165.8243,1143.4798,1070.2738,100.5743,102.5396,109.5533,-4.3762
KOSDAQ,2026-05-27,1133.13,1167.141,1143.0832,1072.4056,97.086,99.1293,105.6624,-7.5886
KOSDAQ,2026-05-28,1104.36,1167.2917,1142.4046,1074.2747,94.6087,96.6698,102.8005,-9.9349
KOSDAQ,2026-05-29,1074.8,1165.7223,1141.1618,1075.6258,92.2003,94.1847,99.9232,-12.3457
KOSDAQ,2026-06-01,1050.03,1162.309,1138.8748,1076.6896,90.34,92.1989,97.5239,-14.3658
KOSDAQ,2026-06-02,1026.03,1157.7443,1136.5258,1077.503,88.6232,90.2778,95.2229,-16.3231
KOSDAQ,2026-06-04,1049.73,1153.734,1134.29,1078.484,90.9854,92.5451,97.3338,-14.3902
KOSDAQ,2026-06-05,1002.44,1147.987,1132.401,1079.0891,87.3215,88.5234,92.8969,-18.2469
KOSDAQ,2026-06-08,911.39,1139.0657,1128.2,1078.9778,80.0121,80.7827,84.4679,-25.6724
KOSDAQ,2026-06-09,967.81,1131.9553,1124.3652,1079.3113,85.499,86.0761,89.6692,-21.0711
KOSDAQ,2026-06-10,951.63,1124.5327,1120.665,1079.4803,84.6245,84.9165,88.1563,-22.3907
KOSDAQ,2026-06-11,996.93,1117.6357,1117.7734,1079.9964,89.1999,89.1889,92.3086,-18.6963
KOSDAQ,2026-06-12,1029.05,1111.0647,1116.2134,1080.7832,92.6184,92.1912,95.2134,-16.0768
KOSDAQ,2026-06-15,1034.03,1105.013,1115.8462,1081.5889,93.5763,92.6678,95.6029,-15.6706
KOSDAQ,2026-06-16,1018.68,1098.2937,1113.8962,1082.2543,92.7511,91.452,94.1257,-16.9225
KOSDAQ,2026-06-17,1031.96,1092.9473,1113.4086,1083.2198,94.4199,92.6847,95.2678,-15.8394
KOSDAQ,2026-06-18,1000.93,1085.8537,1112.1522,1083.9686,92.1791,89.9994,92.3394,-18.3701
KOSDAQ,2026-06-19,966.59,1077.7343,1110.5366,1084.5124,89.6872,87.0381,89.1267,-21.1706
KOSDAQ,2026-06-22,968.4,1070.0417,1109.17,1084.9552,90.5012,87.3085,89.2571,-21.023
KOSDAQ,2026-06-23,891.52,1059.5017,1105.2034,1084.6417,84.1452,80.6657,82.1949,-27.2929
KOSDAQ,2026-06-24,909.31,1049.5673,1101.8696,1084.5563,86.6367,82.5243,83.8417,-25.842
KOSDAQ,2026-06-25,887.81,1039.8513,1097.7532,1084.328,85.3786,80.8752,81.8765,-27.5955
KOSDAQ,2026-06-26,851.37,1028.9993,1092.7838,1083.7588,82.7377,77.9084,78.5571,-30.5673
KOSDAQ,2026-06-29,920.57,1019.982,1088.7576,1083.6587,90.2536,84.5523,84.9502,-24.9237
KOSDAQ,2026-06-30,916.18,1012.8607,1084.0326,1083.5813,90.4547,84.5159,84.5511,-25.2818
KOSDAQ,2026-07-01,929.35,1006.8027,1079.3602,1083.4461,92.3071,86.1019,85.7772,-24.2077
KOSDAQ,2026-07-02,866.72,999.548,1073.2938,1082.6896,86.7112,80.7533,80.0525,-29.3154
KOSDAQ,2026-07-03,868.41,993.2927,1067.165,1081.9599,87.4274,81.3754,80.2627,-29.1776
KOSDAQ,2026-07-06,847.07,984.6627,1060.5258,1081.1239,86.0264,79.8726,78.3509,-30.918
KOSDAQ,2026-07-07,831.23,973.666,1053.528,1080.1837,85.3712,78.8997,76.9527,-32.2098
KOSDAQ,2026-07-08,785.0,960.7487,1045.7418,1078.826,81.7071,75.0663,72.7643,-35.98
KOSDAQ,2026-07-09,794.0,949.4443,1037.545,1077.5276,83.6279,76.5268,73.6872,-35.2461
KOSDAQ,2026-07-10,837.43,940.5467,1029.77,1076.598,89.0365,81.322,77.7848,-31.7042
KOSDAQ,2026-07-13,799.36,931.3653,1021.4456,1075.4078,85.8267,78.2577,74.3309,-34.8089
KOSDAQ,2026-07-14,783.98,922.497,1012.72,1074.0147,84.9846,77.4133,72.9953,-36.0632
KOSDAQ,2026-07-15,829.43,915.9437,1005.4616,1072.9717,90.5547,82.4925,77.3021,-32.3566
KOSDAQ,2026-07-16,791.84,907.3473,997.0236,1071.5007,87.2698,79.4204,73.9001,-35.4222
SAMSUNG,2025-06-25,61300.0,57516.6667,56710.0,56099.1667,106.5778,108.0938,109.2708,-30.1822
SAMSUNG,2025-06-26,60200.0,57626.6667,56786.0,56155.0,104.4655,106.012,107.2033,-31.4351
SAMSUNG,2025-06-27,60800.0,57740.0,56898.0,56208.3333,105.2996,106.8579,108.169,-30.7517
SAMSUNG,2025-06-30,59800.0,57823.3333,56970.0,56260.0,103.4185,104.9675,106.2922,-31.8907
SAMSUNG,2025-07-01,60200.0,57936.6667,57042.0,56314.1667,103.9066,105.5363,106.9003,-31.4351
SAMSUNG,2025-07-02,60800.0,58103.3333,57164.0,56377.5,104.6412,106.3606,107.8444,-30.7517
SAMSUNG,2025-07-03,63800.0,58366.6667,57338.0,56464.1667,109.309,111.27,112.992,-27.3349
SAMSUNG,2025-07-04,63300.0,58620.0,57498.0,56538.3333,107.9836,110.0908,111.9594,-27.9043
SAMSUNG,2025-07-07,61700.0,58853.3333,57624.0,56586.6667,104.8369,107.0734,109.0363,-29.7267
SAMSUNG,2025-07-08,61400.0,59093.3333,57752.0,56636.6667,103.9034,106.3167,108.4103,-30.0683
SAMSUNG,2025-07-09,60400.0,59283.3333,57846.0,56662.5,101.8836,104.4152,106.5961,-31.2073
SAMSUNG,2025-07-10,61000.0,59520.0,57952.0,56703.3333,102.4866,105.2595,107.5774,-30.5239
SAMSUNG,2025-07-11,62600.0,59743.3333,58090.0,56764.1667,104.7816,107.7638,110.2808,-28.7016
SAMSUNG,2025-07-14,62500.0,59956.6667,58224.0,56834.1667,104.242,107.3441,109.9691,-28.8155
SAMSUNG,2025-07-15,63700.0,60206.6667,58382.0,56915.8333,105.8022,109.109,111.9196,-27.4487
SAMSUNG,2025-07-16,64700.0,60470.0,58566.0,57007.5,106.9952,110.4737,113.4938,-26.3098
SAMSUNG,2025-07-17,66700.0,60766.6667,58814.0,57110.8333,109.7641,113.4084,116.7905,-24.0319
SAMSUNG,2025-07-18,67100.0,61033.3333,59064.0,57222.5,109.9399,113.6056,117.2616,-23.5763
SAMSUNG,2025-07-21,67800.0,61300.0,59328.0,57342.5,110.6036,114.2799,118.2369,-22.779
SAMSUNG,2025-07-22,66000.0,61526.6667,59552.0,57446.6667,107.2706,110.8275,114.8892,-24.8292
SAMSUNG,2025-07-23,66400.0,61743.3333,59728.0,57547.5,107.542,111.1706,115.3829,-24.3736
SAMSUNG,2025-07-24,66000.0,61960.0,59910.0,57650.0,106.5203,110.1652,114.484,-24.8292
SAMSUNG,2025-07-25,65900.0,62213.3333,60080.0,57751.6667,105.9258,109.6871,114.1093,-24.8575
SAMSUNG,2025-07-28,70400.0,62653.3333,60342.0,57901.6667,112.3643,116.6683,121.5854,-19.7263
SAMSUNG,2025-07-29,70600.0,63070.0,60618.0,58065.0,111.9391,116.4671,121.5879,-19.4983
SAMSUNG,2025-07-30,72600.0,63496.6667,60954.0,58230.8333,114.3367,119.1062,124.6762,-17.2178
SAMSUNG,2025-07-31,71400.0,63903.3333,61264.0,58385.0,111.7313,116.5448,122.2917,-17.8366
SAMSUNG,2025-08-01,68900.0,64216.6667,61528.0,58509.1667,107.293,111.9815,117.7593,-20.7135
SAMSUNG,2025-08-04,69700.0,64606.6667,61828.0,58642.5,107.8836,112.7321,118.8558,-17.4171
SAMSUNG,2025-08-05,69900.0,64920.0,62142.0,58761.6667,107.671,112.4843,118.9551,-16.6865
SAMSUNG,2025-08-06,68800.0,65170.0,62424.0,58870.8333,105.57,110.214,116.866,-17.9976
SAMSUNG,2025-08-07,70500.0,65513.3333,62756.0,58993.3333,107.6117,112.3399,119.505,-15.9714
SAMSUNG,2025-08-08,71800.0,65880.0,63074.0,59126.6667,108.986,113.8345,121.4342,-14.4219
SAMSUNG,2025-08-11,71000.0,66253.3333,63372.0,59251.6667,107.1644,112.0369,119.8279,-15.3754
SAMSUNG,2025-08-12,71100.0,66616.6667,63670.0,59377.5,106.73,111.6695,119.7423,-15.2563
SAMSUNG,2025-08-13,71900.0,66986.6667,63972.0,59502.5,107.3348,112.3929,120.8353,-14.3027
SAMSUNG,2025-08-14,71600.0,67246.6667,64248.0,59610.0,106.4737,111.4432,120.1141,-14.6603
SAMSUNG,2025-08-18,70000.0,67470.0,64466.0,59706.6667,103.7498,108.5844,117.2398,-15.7641
SAMSUNG,2025-08-19,70000.0,67746.6667,64670.0,59805.0,103.3261,108.2418,117.0471,-12.7182
SAMSUNG,2025-08-20,70500.0,68050.0,64896.0,59915.0,103.6003,108.6354,117.6667,-12.0948
SAMSUNG,2025-08-21,70600.0,68390.0,65110.0,60026.6667,103.2315,108.4319,117.6144,-11.9701
SAMSUNG,2025-08-22,71400.0,68736.6667,65348.0,60150.0,103.8747,109.2612,118.7032,-10.9726
SAMSUNG,2025-08-25,71500.0,69033.3333,65612.0,60276.6667,103.5732,108.974,118.6197,-10.8479
SAMSUNG,2025-08-26,70300.0,69293.3333,65874.0,60408.3333,101.4528,106.7189,116.3747,-12.3441
SAMSUNG,2025-08-27,70600.0,69523.3333,66124.0,60542.5,101.5486,106.7691,116.6123,-11.9701
SAMSUNG,2025-08-28,69600.0,69686.6667,66320.0,60672.5,99.8756,104.9457,114.7142,-13.217
SAMSUNG,2025-08-29,69700.0,69786.6667,66530.0,60800.8333,99.8758,104.7648,114.6366,-13.0923
SAMSUNG,2025-09-01,67600.0,69803.3333,66692.0,60916.6667,96.8435,101.3615,110.9713,-15.7107
SAMSUNG,2025-09-02,69100.0,69846.6667,66914.0,61045.0,98.931,103.2669,113.1952,-12.4208
SAMSUNG,2025-09-03,69800.0,69973.3333,67100.0,61180.0,99.7523,104.0238,114.0896,-11.5336
SAMSUNG,2025-09-04,70100.0,70096.6667,67276.0,61306.6667,100.0048,104.1976,114.3432,-10.4725
SAMSUNG,2025-09-05,69500.0,70213.3333,67462.0,61430.0,98.984,103.021,113.1369,-11.2388
SAMSUNG,2025-09-08,70100.0,70353.3333,67648.0,61558.3333,99.6399,103.6246,113.8757,-9.7812
SAMSUNG,2025-09-09,71500.0,70390.0,67882.0,61674.1667,101.5769,105.3298,115.9318,-6.4136
SAMSUNG,2025-09-10,72600.0,70456.6667,68130.0,61799.1667,103.0421,106.561,117.4773,-4.9738
SAMSUNG,2025-09-11,73400.0,70483.3333,68382.0,61923.3333,104.1381,107.3382,118.5337,-3.9267
SAMSUNG,2025-09-12,75400.0,70616.6667,68614.0,62050.0,106.7737,109.8901,121.5149,0.0
SAMSUNG,2025-09-15,76500.0,70870.0,68878.0,62173.3333,107.9441,111.0659,123.0431,0.0
SAMSUNG,2025-09-16,79400.0,71193.3333,69232.0,62330.8333,111.5273,114.6869,127.3848,0.0
SAMSUNG,2025-09-17,78200.0,71470.0,69568.0,62484.1667,109.4165,112.408,125.1517,-1.5113
SAMSUNG,2025-09-18,80500.0,71860.0,69970.0,62643.3333,112.0234,115.0493,128.5053,0.0
SAMSUNG,2025-09-19,79700.0,72166.6667,70344.0,62792.5,110.4388,113.3004,126.926,-0.9938
SAMSUNG,2025-09-22,83500.0,72556.6667,70762.0,62986.6667,115.0825,118.0012,132.5677,0.0
SAMSUNG,2025-09-23,84700.0,73013.3333,71206.0,63210.8333,116.0062,118.9507,133.996,0.0
SAMSUNG,2025-09-24,85400.0,73490.0,71640.0,63432.5,116.2063,119.2071,134.6313,0.0
SAMSUNG,2025-09-25,86100.0,73963.3333,72068.0,63660.0,116.409,119.4705,135.2498,0.0
SAMSUNG,2025-09-26,83300.0,74353.3333,72400.0,63874.1667,112.0326,115.0552,130.4127,-3.252
SAMSUNG,2025-09-29,84200.0,74826.6667,72742.0,64108.3333,112.5267,115.7516,131.3402,-2.2067
SAMSUNG,2025-09-30,83900.0,75290.0,73064.0,64364.1667,111.4358,114.8308,130.352,-2.5552
SAMSUNG,2025-10-01,86000.0,75806.6667,73464.0,64635.0,113.4465,117.0641,133.0548,-0.1161
SAMSUNG,2025-10-02,89000.0,76420.0,73916.0,64935.0,116.4617,120.4069,137.0601,0.0
SAMSUNG,2025-10-10,94400.0,77186.6667,74484.0,65251.6667,122.3009,126.7386,144.6706,0.0
SAMSUNG,2025-10-13,93300.0,77913.3333,75032.0,65569.1667,119.7484,124.3469,142.2925,-1.1653
SAMSUNG,2025-10-14,91600.0,78623.3333,75456.0,65864.1667,116.5049,121.3953,139.0741,-2.9661
SAMSUNG,2025-10-15,95000.0,79436.6667,75944.0,66184.1667,119.5921,125.0922,143.5389,0.0
SAMSUNG,2025-10-16,97700.0,80373.3333,76446.0,66542.5,121.5577,127.8026,146.8235,0.0
SAMSUNG,2025-10-17,97900.0,81313.3333,76976.0,66899.1667,120.3985,127.1825,146.3396,0.0
SAMSUNG,2025-10-20,98100.0,82330.0,77560.0,67255.8333,119.1546,126.4827,145.861,0.0
SAMSUNG,2025-10-21,97500.0,83276.6667,78116.0,67606.6667,117.0796,124.8144,144.2165,-0.6116
SAMSUNG,2025-10-22,98600.0,84236.6667,78690.0,67970.0,117.0512,125.3018,145.064,0.0
SAMSUNG,2025-10-23,96500.0,85116.6667,79244.0,68310.0,113.3738,121.7758,141.2677,-2.1298
SAMSUNG,2025-10-24,98800.0,86093.3333,79810.0,68669.1667,114.7592,123.794,143.8783,0.0
SAMSUNG,2025-10-27,102000.0,87156.6667,80414.0,69055.0,117.0306,126.8436,147.7083,0.0
SAMSUNG,2025-10-28,99500.0,88090.0,80984.0,69419.1667,112.9527,122.8638,143.3322,-2.451
SAMSUNG,2025-10-29,100500.0,89020.0,81572.0,69791.6667,112.896,123.204,144.0,-1.4706
SAMSUNG,2025-10-30,104100.0,90043.3333,82216.0,70196.6667,115.611,126.6177,148.2976,0.0
SAMSUNG,2025-10-31,107500.0,91113.3333,82934.0,70640.0,117.9849,129.6211,152.1801,0.0
SAMSUNG,2025-11-03,111100.0,92266.6667,83756.0,71110.8333,120.4118,132.6472,156.235,0.0
SAMSUNG,2025-11-04,104900.0,93116.6667,84454.0,71530.0,112.6544,124.2096,146.6518,-5.5806
SAMSUNG,2025-11-05,100600.0,93863.3333,85056.0,71911.6667,107.1771,118.275,139.8939,-9.4509
SAMSUNG,2025-11-06,99200.0,94486.6667,85628.0,72258.3333,104.9884,115.85,137.2852,-10.7111
SAMSUNG,2025-11-07,97900.0,95093.3333,86158.0,72600.0,102.9515,113.6285,134.8485,-11.8812
SAMSUNG,2025-11-10,100600.0,95663.3333,86740.0,72960.0,105.1605,115.9788,137.8838,-9.4509
SAMSUNG,2025-11-11,103500.0,96290.0,87404.0,73345.0,107.4878,118.4156,141.1139,-6.8407
SAMSUNG,2025-11-12,103100.0,96880.0,88054.0,73730.8333,106.4203,117.0872,139.833,-7.2007
SAMSUNG,2025-11-13,102800.0,97436.6667,88718.0,74122.5,105.5044,115.8728,138.6893,-7.4707
SAMSUNG,2025-11-14,97200.0,97900.0,89268.0,74466.6667,99.285,108.8856,130.5282,-12.5113
SAMSUNG,2025-11-17,100600.0,98446.6667,89928.0,74840.8333,102.1873,111.8673,134.4186,-9.4509
SAMSUNG,2025-11-18,97800.0,98910.0,90502.0,75200.0,98.8778,108.0639,130.0532,-11.9712
SAMSUNG,2025-11-19,96500.0,99260.0,91036.0,75552.5,97.2194,106.002,127.7258,-13.1413
SAMSUNG,2025-11-20,100600.0,99646.6667,91646.0,75935.0,100.9567,109.7702,132.4817,-9.4509
SAMSUNG,2025-11-21,94800.0,99660.0,92152.0,76275.8333,95.1234,102.8735,124.2858,-14.6715
SAMSUNG,2025-11-24,96700.0,99773.3333,92684.0,76615.8333,96.9197,104.333,126.2141,-12.9613
SAMSUNG,2025-11-25,99300.0,100030.0,93240.0,76975.8333,99.2702,106.4994,129.0015,-10.6211
SAMSUNG,2025-11-26,102800.0,100290.0,93844.0,77364.1667,102.5027,109.5435,132.8781,-7.4707
SAMSUNG,2025-11-27,103500.0,100483.3333,94446.0,77753.3333,103.0022,109.5864,133.1133,-6.8407
SAMSUNG,2025-11-28,100500.0,100570.0,94948.0,78109.1667,99.9304,105.8474,128.6661,-9.541
SAMSUNG,2025-12-01,100800.0,100660.0,95434.0,78456.6667,100.1391,105.6227,128.4786,-9.2709
SAMSUNG,2025-12-02,103400.0,100856.6667,95914.0,78820.0,102.5217,107.8049,131.185,-6.9307
SAMSUNG,2025-12-03,104500.0,101053.3333,96440.0,79197.5,103.4107,108.3575,131.9486,-5.9406
SAMSUNG,2025-12-04,105100.0,101340.0,96932.0,79574.1667,103.7103,108.4265,132.078,-5.4005
SAMSUNG,2025-12-05,108400.0,101660.0,97506.0,79981.6667,106.6299,111.1726,135.5311,-2.4302
SAMSUNG,2025-12-08,109500.0,101910.0,98026.0,80408.3333,107.4477,111.7051,136.1799,-1.4401
SAMSUNG,2025-12-09,108400.0,102206.6667,98500.0,80835.0,106.0596,110.0508,134.1003,-2.4302
SAMSUNG,2025-12-10,108000.0,102456.6667,98952.0,81250.8333,105.4104,109.1438,132.9217,-2.7903
SAMSUNG,2025-12-11,107300.0,102563.3333,99376.0,81646.6667,104.6183,107.9738,131.4199,-3.4203
SAMSUNG,2025-12-12,108900.0,102610.0,99888.0,82060.8333,106.13,109.0221,132.7064,-1.9802
SAMSUNG,2025-12-15,104800.0,102400.0,100300.0,82438.3333,102.3438,104.4865,127.1253,-5.6706
SAMSUNG,2025-12-16,102800.0,102330.0,100678.0,82811.6667,100.4593,102.1077,124.1371,-7.4707
SAMSUNG,2025-12-17,107900.0,102573.3333,101116.0,83206.6667,105.193,106.7091,129.6771,-2.8803
SAMSUNG,2025-12-18,107600.0,102853.3333,101488.0,83592.5,104.615,106.0224,128.7197,-3.1503
SAMSUNG,2025-12-19,106300.0,103133.3333,101726.0,83976.6667,103.0705,104.4964,126.5828,-4.3204
SAMSUNG,2025-12-22,110500.0,103463.3333,102070.0,84390.8333,106.8011,108.259,130.9384,-0.5401
SAMSUNG,2025-12-23,111500.0,103730.0,102468.0,84821.6667,107.4906,108.8145,131.4523,0.0
SAMSUNG,2025-12-24,111100.0,103996.6667,102790.0,85245.8333,106.8303,108.0844,130.329,-0.3587
SAMSUNG,2025-12-26,117000.0,104470.0,103176.0,85714.1667,111.9939,113.3985,136.5002,0.0
SAMSUNG,2025-12-29,119500.0,105213.3333,103608.0,86178.3333,113.5788,115.3386,138.6659,0.0
SAMSUNG,2025-12-30,119900.0,105856.6667,104044.0,86650.0,113.2664,115.2397,138.3728,0.0
SAMSUNG,2026-01-02,128500.0,106880.0,104664.0,87206.6667,120.2283,122.7738,147.3511,0.0
SAMSUNG,2026-01-05,138100.0,108266.6667,105454.0,87845.8333,127.5554,130.9576,157.2072,0.0
SAMSUNG,2026-01-06,138900.0,109543.3333,106302.0,88500.0,126.7991,130.6655,156.9492,0.0
SAMSUNG,2026-01-07,141000.0,111083.3333,107146.0,89166.6667,126.9317,131.5961,158.1308,0.0
SAMSUNG,2026-01-08,138800.0,112486.6667,107882.0,89801.6667,123.3924,128.6591,154.5628,-1.5603
SAMSUNG,2026-01-09,139000.0,113810.0,108672.0,90439.1667,122.1334,127.9078,153.6945,-1.4184
SAMSUNG,2026-01-12,138800.0,115010.0,109438.0,91065.0,120.6852,126.8298,152.4186,-1.5603
SAMSUNG,2026-01-13,137600.0,116146.6667,110108.0,91672.5,118.4709,124.9682,150.0995,-2.4113
SAMSUNG,2026-01-14,140300.0,117473.3333,110764.0,92285.8333,119.4314,126.6657,152.0277,-0.4965
SAMSUNG,2026-01-15,143900.0,118910.0,111420.0,92925.8333,121.0159,129.151,154.8547,0.0
SAMSUNG,2026-01-16,148900.0,120426.6667,112300.0,93601.6667,123.6437,132.5913,159.0784,0.0
SAMSUNG,2026-01-19,149300.0,121920.0,113274.0,94295.8333,122.4573,131.8043,158.3315,0.0
SAMSUNG,2026-01-20,145200.0,123256.6667,114194.0,94952.5,117.803,127.152,152.9186,-2.7461
SAMSUNG,2026-01-21,149500.0,124626.6667,115226.0,95648.3333,119.9583,129.745,156.3017,0.0
SAMSUNG,2026-01-22,152300.0,126053.3333,116260.0,96368.3333,120.8219,130.9995,158.0395,0.0
SAMSUNG,2026-01-23,152100.0,127510.0,117232.0,97049.1667,119.2848,129.7427,156.7247,-0.1313
SAMSUNG,2026-01-26,152100.0,128980.0,118212.0,97728.3333,117.9253,128.6671,155.6355,-0.1313
SAMSUNG,2026-01-27,159500.0,130720.0,119346.0,98452.5,122.0165,133.645,162.0071,0.0
SAMSUNG,2026-01-28,162400.0,132503.3333,120650.0,99210.8333,122.563,134.6042,163.6918,0.0
SAMSUNG,2026-01-29,160700.0,134366.6667,121852.0,99975.8333,119.5981,131.8813,160.7388,-1.0468
SAMSUNG,2026-01-30,160500.0,136290.0,123106.0,100732.5,117.7636,130.3754,159.3329,-1.17
SAMSUNG,2026-02-02,150400.0,137706.6667,124184.0,101403.3333,109.2177,121.1106,148.3186,-7.3892
SAMSUNG,2026-02-03,167500.0,139703.3333,125522.0,102225.8333,119.8969,133.4427,163.8529,0.0
SAMSUNG,2026-02-04,169100.0,141796.6667,127008.0,103047.5,119.2553,133.1412,164.0991,0.0
SAMSUNG,2026-02-05,159300.0,143423.3333,128260.0,103776.6667,111.0698,124.2008,153.5027,-5.7954
SAMSUNG,2026-02-06,158600.0,144993.3333,129446.0,104506.6667,109.3843,122.5221,151.7607,-6.2093
SAMSUNG,2026-02-09,166400.0,146836.6667,130718.0,105300.8333,113.3232,127.2969,158.0234,-1.5967
SAMSUNG,2026-02-10,165800.0,148463.3333,131964.0,106083.3333,111.6774,125.6403,156.2922,-1.9515
SAMSUNG,2026-02-11,167800.0,150073.3333,133310.0,106885.0,111.812,125.872,156.9912,-0.7688
SAMSUNG,2026-02-12,178600.0,152030.0,134866.0,107790.0,117.4768,132.4277,165.6926,0.0
SAMSUNG,2026-02-13,181200.0,153786.6667,136422.0,108716.6667,117.8256,132.8232,166.6718,0.0
SAMSUNG,2026-02-19,190000.0,155516.6667,138132.0,109712.5,122.1734,137.5496,173.1799,0.0
SAMSUNG,2026-02-20,190100.0,157223.3333,139832.0,110708.3333,120.9108,135.9489,171.7125,0.0
SAMSUNG,2026-02-23,193000.0,158956.6667,141524.0,111721.6667,121.4167,136.3726,172.7507,0.0
SAMSUNG,2026-02-24,200000.0,160996.6667,143334.0,112792.5,124.2262,139.5342,177.3168,0.0
SAMSUNG,2026-02-25,203500.0,163146.6667,145236.0,113902.5,124.7344,140.1168,178.6616,0.0
SAMSUNG,2026-02-26,218000.0,165786.6667,147436.0,115130.8333,131.4943,147.8608,189.3498,0.0
SAMSUNG,2026-02-27,216500.0,168416.6667,149620.0,116355.0,128.5502,144.6999,186.0685,-0.6881
SAMSUNG,2026-03-03,195100.0,170243.3333,151344.0,117400.0,114.6007,128.9116,166.184,-10.5046
SAMSUNG,2026-03-04,172200.0,171186.6667,152692.0,118271.6667,100.5919,112.776,145.597,-21.0092
SAMSUNG,2026-03-05,191600.0,172610.0,154468.0,119292.5,111.0017,124.0386,160.6136,-12.1101
SAMSUNG,2026-03-06,188200.0,173906.6667,156074.0,120279.1667,108.219,120.5838,156.4693,-13.6697
SAMSUNG,2026-03-09,173500.0,174850.0,157392.0,121140.8333,99.2279,110.2343,143.2217,-20.4128
SAMSUNG,2026-03-10,187900.0,176130.0,159024.0,122127.5,106.6826,118.1583,153.8556,-13.8073
SAMSUNG,2026-03-11,190000.0,177386.6667,160614.0,123126.6667,107.1106,118.296,154.3126,-12.844
SAMSUNG,2026-03-12,187900.0,178580.0,162142.0,124096.6667,105.2189,115.8861,151.4142,-13.8073
SAMSUNG,2026-03-13,183500.0,179626.6667,163590.0,125020.8333,102.1563,112.1707,146.7755,-15.8257
SAMSUNG,2026-03-16,188700.0,180600.0,165024.0,125981.6667,104.485,114.347,149.7837,-13.4404
SAMSUNG,2026-03-17,193900.0,181650.0,166512.0,126969.1667,106.7437,116.4481,152.7142,-11.055
SAMSUNG,2026-03-18,208500.0,183243.3333,168284.0,128069.1667,113.7831,123.8977,162.8027,-4.3578
SAMSUNG,2026-03-19,200500.0,184576.6667,169724.0,129078.3333,108.6269,118.133,155.332,-8.0275
SAMSUNG,2026-03-20,199400.0,186210.0,170950.0,130088.3333,107.0834,116.6423,153.2805,-8.5321
SAMSUNG,2026-03-23,186300.0,186836.6667,171898.0,130970.0,99.7128,108.3782,142.2463,-14.5413
SAMSUNG,2026-03-24,189700.0,187523.3333,172872.0,131886.6667,101.1607,109.7344,143.8356,-12.9817
SAMSUNG,2026-03-25,189000.0,188513.3333,173876.0,132765.8333,100.2582,108.6982,142.3559,-13.3028
SAMSUNG,2026-03-26,180100.0,189230.0,174698.0,133560.8333,95.1752,103.0922,134.8449,-17.3853
SAMSUNG,2026-03-27,179700.0,189673.3333,175516.0,134346.6667,94.7418,102.3838,133.7584,-17.5688
SAMSUNG,2026-03-30,176300.0,190023.3333,176290.0,135098.3333,92.7781,100.0057,130.4975,-19.1284
SAMSUNG,2026-03-31,167200.0,190003.3333,176828.0,135797.5,87.9985,94.5552,123.1245,-23.3028
SAMSUNG,2026-04-01,189600.0,190370.0,177742.0,136675.8333,99.5955,106.6715,138.7224,-13.0275
SAMSUNG,2026-04-02,178400.0,190276.6667,178332.0,137463.3333,93.7582,100.0381,129.7801,-18.1651
SAMSUNG,2026-04-03,186200.0,190150.0,179070.0,138298.3333,97.9227,103.9817,134.6365,-14.5872
SAMSUNG,2026-04-06,193100.0,190250.0,180028.0,139165.8333,101.498,107.2611,138.7553,-11.422
SAMSUNG,2026-04-07,196500.0,190366.6667,180968.0,140016.6667,103.2219,108.5827,140.3404,-9.8624
SAMSUNG,2026-04-08,210500.0,190716.6667,182132.0,140993.3333,110.3732,115.5755,149.2978,-3.4404
SAMSUNG,2026-04-09,204000.0,190733.3333,183170.0,141930.0,106.9556,111.3719,143.7328,-6.422
SAMSUNG,2026-04-10,206000.0,190333.3333,184248.0,142855.0,108.2312,111.8058,144.2022,-5.5046
SAMSUNG,2026-04-13,201000.0,189816.6667,185078.0,143715.8333,105.8916,108.6029,139.8593,-7.7982
SAMSUNG,2026-04-14,206500.0,190196.6667,185960.0,144620.8333,108.5718,111.0454,142.7872,-5.2752
SAMSUNG,2026-04-15,211000.0,191490.0,186966.0,145561.6667,110.1885,112.8547,144.9557,-3.211
SAMSUNG,2026-04-16,217500.0,192353.3333,188106.0,146561.6667,113.0732,115.6263,148.4017,-0.2294
SAMSUNG,2026-04-17,216000.0,193280.0,189418.0,147540.0,111.755,114.0335,146.401,-0.9174
SAMSUNG,2026-04-20,214500.0,194646.6667,190358.0,148523.3333,110.1997,112.6824,144.4218,-1.6055
SAMSUNG,2026-04-21,219000.0,195683.3333,191356.0,149525.0,111.9155,114.4464,146.4638,0.0
SAMSUNG,2026-04-22,217500.0,196600.0,192520.0,150487.5,110.6307,112.9753,144.5303,-0.6849
SAMSUNG,2026-04-23,224500.0,197820.0,193838.0,151529.1667,113.487,115.8184,148.1563,0.0
SAMSUNG,2026-04-24,219500.0,199020.0,194900.0,152520.8333,110.2904,112.6219,143.9148,-2.2272
SAMSUNG,2026-04-27,224500.0,200213.3333,196074.0,153524.1667,112.1304,114.4976,146.231,0.0
SAMSUNG,2026-04-28,222000.0,201150.0,197158.0,154478.3333,110.3654,112.6,143.7095,-1.1136
SAMSUNG,2026-04-29,226000.0,201733.3333,198106.0,155435.8333,112.0291,114.0803,145.3976,0.0
SAMSUNG,2026-04-30,220500.0,202400.0,198892.0,156399.1667,108.9427,110.8642,140.9854,-2.4336
SAMSUNG,2026-05-04,232500.0,203503.3333,199742.0,157498.3333,114.2487,116.4002,147.6206,0.0
SAMSUNG,2026-05-06,266000.0,206160.0,201260.0,158888.3333,129.026,132.1673,167.4132,0.0
SAMSUNG,2026-05-07,271500.0,208886.6667,202830.0,160335.0,129.9748,133.8559,169.333,0.0
SAMSUNG,2026-05-08,268500.0,211536.6667,204200.0,161734.1667,126.9283,131.4887,166.0132,-1.105
SAMSUNG,2026-05-11,285500.0,215050.0,205840.0,163250.8333,132.7598,138.7,174.8843,0.0
SAMSUNG,2026-05-12,279000.0,218360.0,207060.0,164716.6667,127.7707,134.7436,169.3818,-2.2767
SAMSUNG,2026-05-13,284000.0,221950.0,208410.0,166226.6667,127.9567,136.2699,170.851,-0.5254
SAMSUNG,2026-05-14,296000.0,226243.3333,210428.0,167883.3333,130.8326,140.6657,176.3129,0.0
SAMSUNG,2026-05-15,270500.0,228940.0,212394.0,169299.1667,118.1532,127.3576,159.7763,-8.6149
SAMSUNG,2026-05-18,281000.0,232360.0,214182.0,170825.8333,120.933,131.1968,164.495,-5.0676
SAMSUNG,2026-05-19,275500.0,235336.6667,215928.0,172317.5,117.0663,127.5888,159.8793,-6.9257
SAMSUNG,2026-05-20,276000.0,238100.0,217978.0,173779.1667,115.9177,126.6183,158.8223,-6.7568
SAMSUNG,2026-05-21,299500.0,241533.3333,220210.0,175485.0,123.9994,136.0065,170.6699,0.0
SAMSUNG,2026-05-22,292500.0,244266.6667,222260.0,177116.6667,119.7462,131.6026,165.1454,-2.3372
SAMSUNG,2026-05-26,299000.0,247433.3333,224482.0,178780.8333,120.8406,133.1955,167.2439,-0.1669
SAMSUNG,2026-05-27,307000.0,250800.0,226952.0,180482.5,122.4083,135.2709,170.0996,0.0
SAMSUNG,2026-05-28,299500.0,254083.3333,229168.0,182115.8333,117.8747,130.6901,164.4558,-2.443
SAMSUNG,2026-05-29,317000.0,257766.6667,231630.0,183920.0,122.9794,136.8562,172.3575,0.0
SAMSUNG,2026-06-01,349000.0,262366.6667,234440.0,185988.3333,133.0199,148.8654,187.6462,0.0
SAMSUNG,2026-06-02,360500.0,267133.3333,237640.0,188130.8333,134.9513,151.7001,191.622,0.0
SAMSUNG,2026-06-04,351500.0,271650.0,240682.0,190189.1667,129.3944,146.0433,184.816,-2.4965
SAMSUNG,2026-06-05,329000.0,275466.6667,243536.0,192055.0,119.4337,135.093,171.3051,-8.7379
SAMSUNG,2026-06-08,295500.0,278016.6667,245652.0,193614.1667,106.2886,120.2921,152.6231,-18.0305
SAMSUNG,2026-06-09,322000.0,281500.0,248312.0,195385.0,114.3872,129.6756,164.8028,-10.6796
SAMSUNG,2026-06-10,302500.0,284100.0,250760.0,197002.5,106.4766,120.6333,153.5514,-16.0888
SAMSUNG,2026-06-11,299000.0,286750.0,253146.0,198594.1667,104.272,118.1137,150.5583,-17.0596
SAMSUNG,2026-06-12,322500.0,290016.6667,256070.0,200387.5,111.2005,125.9421,160.9382,-10.5409
SAMSUNG,2026-06-15,337000.0,293850.0,259466.0,202288.3333,114.6844,129.8821,166.5939,-6.5187
SAMSUNG,2026-06-16,343000.0,297750.0,262534.0,204273.3333,115.1973,130.6497,167.9123,-4.8544
SAMSUNG,2026-06-17,346500.0,301950.0,265896.0,206304.1667,114.7541,130.3141,167.9559,-3.8835
SAMSUNG,2026-06-18,362500.0,306283.3333,269422.0,208425.8333,118.3545,134.5473,173.9228,0.0
SAMSUNG,2026-06-19,354000.0,309216.6667,272640.0,210479.1667,114.4828,129.8415,168.1877,-2.3448
SAMSUNG,2026-06-22,353500.0,311950.0,275780.0,212539.1667,113.3194,128.1819,166.3223,-2.4828
SAMSUNG,2026-06-23,310000.0,313333.3333,277770.0,214201.6667,98.9362,111.6031,144.7234,-14.4828
SAMSUNG,2026-06-24,340500.0,315166.6667,280500.0,216110.0,108.0381,121.3904,157.5587,-6.069
SAMSUNG,2026-06-25,358500.0,317816.6667,283550.0,218171.6667,112.8009,126.4327,164.3201,-1.1034
SAMSUNG,2026-06-26,339500.0,319666.6667,286320.0,220025.8333,106.2044,118.5736,154.3001,-6.3448
SAMSUNG,2026-06-29,323000.0,320566.6667,288650.0,221721.6667,100.7591,111.9002,145.6781,-10.8966
SAMSUNG,2026-06-30,334000.0,322683.3333,291110.0,223505.8333,103.5071,114.7333,149.4368,-7.8621
SAMSUNG,2026-07-01,314500.0,323800.0,293050.0,225055.8333,97.1279,107.3196,139.7431,-13.2414
SAMSUNG,2026-07-02,286000.0,324150.0,294450.0,226288.3333,88.2308,97.1302,126.3874,-21.1034
SAMSUNG,2026-07-03,309500.0,325266.6667,296350.0,227710.0,95.1527,104.4373,135.9185,-14.6207
SAMSUNG,2026-07-06,318000.0,325883.3333,298330.0,229185.0,97.5809,106.5934,138.7525,-12.2759
SAMSUNG,2026-07-07,296000.0,326000.0,299900.0,230495.0,90.7975,98.6996,128.4193,-18.3448
SAMSUNG,2026-07-08,277500.0,325283.3333,300960.0,231649.1667,85.3102,92.2049,119.7932,-23.4483
SAMSUNG,2026-07-09,278000.0,324316.6667,302130.0,232809.1667,85.7187,92.0134,119.4111,-23.3103
SAMSUNG,2026-07-10,285000.0,323833.3333,303340.0,234037.5,88.0082,93.954,121.7754,-21.3793
SAMSUNG,2026-07-13,254500.0,321750.0,303990.0,234989.1667,79.0987,83.7199,108.3029,-29.7931
SAMSUNG,2026-07-14,263000.0,318883.3333,304730.0,235981.6667,82.4753,86.3059,111.4493,-27.4483
SAMSUNG,2026-07-15,279500.0,316183.3333,305910.0,237070.0,88.3981,91.3667,117.8977,-22.8966
SAMSUNG,2026-07-16,255000.0,312966.6667,306360.0,237950.8333,81.4783,83.2354,107.165,-29.6552
SKHYNIX,2025-06-25,286000.0,224293.3333,207284.0,201881.6667,127.5116,137.975,141.6671,0.0
SKHYNIX,2025-06-26,293000.0,227443.3333,209480.0,202910.0,128.8233,139.8702,144.399,0.0
SKHYNIX,2025-06-27,284000.0,230043.3333,211544.0,203872.5,123.455,134.251,139.3028,-3.0717
SKHYNIX,2025-06-30,292000.0,233093.3333,213780.0,204888.3333,125.2717,136.589,142.5167,-0.3413
SKHYNIX,2025-07-01,285500.0,235793.3333,215878.0,205813.3333,121.0806,132.2506,138.7179,-2.5597
SKHYNIX,2025-07-02,279000.0,238446.6667,217978.0,206689.1667,117.0073,127.9946,134.9853,-4.7782
SKHYNIX,2025-07-03,278500.0,240996.6667,220048.0,207583.3333,115.5618,126.5633,134.163,-4.9488
SKHYNIX,2025-07-04,270500.0,243330.0,221958.0,208321.6667,111.1659,121.8699,129.8473,-7.6792
SKHYNIX,2025-07-07,271000.0,245800.0,223846.0,208915.0,110.2522,121.0654,129.7178,-7.5085
SKHYNIX,2025-07-08,282000.0,248533.3333,226010.0,209640.0,113.4657,124.7732,134.5163,-3.7543
SKHYNIX,2025-07-09,281000.0,251133.3333,228010.0,210359.1667,111.8928,123.2402,133.5811,-4.0956
SKHYNIX,2025-07-10,297000.0,254283.3333,230384.0,211125.8333,116.7988,128.9152,140.6744,0.0
SKHYNIX,2025-07-11,294500.0,257166.6667,232586.0,211884.1667,114.5172,126.6198,138.991,-0.8418
SKHYNIX,2025-07-14,300000.0,260100.0,234946.0,212765.0,115.3403,127.6889,141.0006,0.0
SKHYNIX,2025-07-15,298500.0,263233.3333,237300.0,213627.5,113.3975,125.7901,139.7292,-0.5
SKHYNIX,2025-07-16,296000.0,266183.3333,239670.0,214442.5,111.2016,123.5032,138.0323,-1.3333
SKHYNIX,2025-07-17,269500.0,267916.6667,241340.0,214938.3333,100.591,111.6682,125.3848,-10.1667
SKHYNIX,2025-07-18,269000.0,269400.0,242904.0,215392.5,99.8515,110.7433,124.8883,-10.3333
SKHYNIX,2025-07-21,272500.0,270850.0,244548.0,215896.6667,100.6092,111.4301,126.2178,-9.1667
SKHYNIX,2025-07-22,268500.0,272116.6667,246116.0,216317.5,98.6709,109.0949,124.1231,-10.5
SKHYNIX,2025-07-23,269000.0,273083.3333,247596.0,216680.0,98.5047,108.6447,124.1462,-10.3333
SKHYNIX,2025-07-24,269500.0,274216.6667,249016.0,217096.6667,98.2799,108.226,124.1382,-10.1667
SKHYNIX,2025-07-25,266000.0,275233.3333,250216.0,217471.6667,96.6453,106.3081,122.3148,-11.3333
SKHYNIX,2025-07-28,262000.0,275700.0,251446.0,217995.0,95.0308,104.1973,120.1862,-12.6667
SKHYNIX,2025-07-29,262500.0,276150.0,252606.0,218591.6667,95.057,103.9168,120.0869,-12.5
SKHYNIX,2025-07-30,263500.0,276716.6667,253888.0,219195.0,95.2238,103.7859,120.2126,-12.1667
SKHYNIX,2025-07-31,273500.0,277633.3333,255318.0,219817.5,98.5112,107.1213,124.4214,-8.8333
SKHYNIX,2025-08-01,258000.0,277666.6667,256468.0,220271.6667,92.9172,100.5973,117.1281,-14.0
SKHYNIX,2025-08-04,258000.0,277616.6667,257690.0,220730.0,92.9339,100.1203,116.8849,-14.0
SKHYNIX,2025-08-05,263500.0,277116.6667,258960.0,221275.0,95.0863,101.7532,119.0826,-12.1667
SKHYNIX,2025-08-06,258500.0,276200.0,260070.0,221765.0,93.5916,99.3963,116.5648,-13.8333
SKHYNIX,2025-08-07,262000.0,275166.6667,261260.0,222290.8333,95.215,100.2832,117.8636,-12.6667
SKHYNIX,2025-08-08,256500.0,274250.0,262230.0,222690.8333,93.5278,97.8149,115.1821,-14.5
SKHYNIX,2025-08-11,267000.0,273416.6667,263330.0,223165.8333,97.6532,101.3937,119.642,-11.0
SKHYNIX,2025-08-12,269000.0,272866.6667,264620.0,223640.8333,98.5829,101.6552,120.2821,-10.3333
SKHYNIX,2025-08-13,278000.0,272833.3333,266030.0,224207.5,101.8937,104.4995,123.9923,-7.3333
SKHYNIX,2025-08-14,276500.0,272766.6667,267210.0,224690.8333,101.3687,103.4767,123.058,-7.8333
SKHYNIX,2025-08-18,267500.0,272666.6667,268070.0,225153.3333,98.1051,99.7874,118.8079,-10.8333
SKHYNIX,2025-08-19,263000.0,272400.0,268750.0,225599.1667,96.5492,97.8605,116.5784,-12.3333
SKHYNIX,2025-08-20,255500.0,271516.6667,269250.0,226020.0,94.101,94.8932,113.0431,-14.8333
SKHYNIX,2025-08-21,245000.0,270316.6667,269350.0,226390.8333,90.6344,90.9597,108.2199,-18.3333
SKHYNIX,2025-08-22,251000.0,268783.3333,269660.0,226790.8333,93.3838,93.0802,110.6747,-16.3333
SKHYNIX,2025-08-25,259500.0,267616.6667,270140.0,227293.3333,96.9671,96.0613,114.1696,-13.5
SKHYNIX,2025-08-26,261500.0,266333.3333,270410.0,227887.5,98.1852,96.705,114.7496,-12.8333
SKHYNIX,2025-08-27,260000.0,265050.0,270630.0,228503.3333,98.0947,96.0721,113.7839,-13.3333
SKHYNIX,2025-08-28,268500.0,264133.3333,271070.0,229131.6667,101.6532,99.0519,117.1815,-10.5
SKHYNIX,2025-08-29,269000.0,264116.6667,271530.0,229770.0,101.8489,99.0682,117.0736,-10.3333
SKHYNIX,2025-09-01,256000.0,263683.3333,271510.0,230300.0,97.0862,94.2875,111.1594,-14.6667
SKHYNIX,2025-09-02,260500.0,263283.3333,271530.0,230905.0,98.9428,95.9378,112.817,-13.1667
SKHYNIX,2025-09-03,262500.0,263083.3333,271210.0,231527.5,99.7783,96.7885,113.3775,-12.5
SKHYNIX,2025-09-04,265500.0,262966.6667,270800.0,232082.5,100.9634,98.0428,114.399,-11.5
SKHYNIX,2025-09-05,273500.0,263100.0,270410.0,232697.5,103.9529,101.1427,117.5346,-8.8333
SKHYNIX,2025-09-08,277000.0,263466.6667,270270.0,233301.6667,105.1366,102.4901,118.7304,-7.6667
SKHYNIX,2025-09-09,288000.0,264333.3333,270190.0,233985.0,108.9533,106.5917,123.0848,-4.0
SKHYNIX,2025-09-10,304000.0,265716.6667,270560.0,234826.6667,114.4076,112.3596,129.4572,0.0
SKHYNIX,2025-09-11,307000.0,267166.6667,271120.0,235672.5,114.9095,113.234,130.2655,0.0
SKHYNIX,2025-09-12,328500.0,269000.0,272120.0,236660.0,122.119,120.7188,138.8067,0.0
SKHYNIX,2025-09-15,331000.0,271433.3333,273330.0,237622.5,121.9452,121.099,139.2966,0.0
SKHYNIX,2025-09-16,348000.0,274433.3333,274870.0,238760.0,126.8068,126.6053,145.7531,0.0
SKHYNIX,2025-09-17,333500.0,276766.6667,275900.0,239805.8333,120.4986,120.8771,139.0708,-4.1667
SKHYNIX,2025-09-18,353000.0,279916.6667,277340.0,240964.1667,126.109,127.2806,146.4948,0.0
SKHYNIX,2025-09-19,353000.0,282950.0,278460.0,242180.8333,124.757,126.7687,145.7589,0.0
SKHYNIX,2025-09-22,351000.0,286100.0,279590.0,243445.0,122.6844,125.541,144.1804,-0.5666
SKHYNIX,2025-09-23,361000.0,289233.3333,280810.0,244864.1667,124.8127,128.5567,147.4287,0.0
SKHYNIX,2025-09-24,357500.0,292183.3333,281990.0,246201.6667,122.3547,126.7775,145.2062,-0.9695
SKHYNIX,2025-09-25,356500.0,294800.0,283200.0,247523.3333,120.9294,125.8828,144.0268,-1.2465
SKHYNIX,2025-09-26,336500.0,296800.0,284540.0,248705.8333,113.376,118.2611,135.3004,-6.7867
SKHYNIX,2025-09-29,349000.0,299516.6667,286140.0,250095.8333,116.5211,121.9683,139.5465,-3.3241
SKHYNIX,2025-09-30,347500.0,302333.3333,287640.0,251618.3333,114.9394,120.8107,138.106,-3.7396
SKHYNIX,2025-10-01,360000.0,305816.6667,289470.0,253205.8333,117.7176,124.3652,142.1768,-0.277
SKHYNIX,2025-10-02,395500.0,310833.3333,292000.0,255126.6667,127.2386,135.4452,155.021,0.0
SKHYNIX,2025-10-10,428000.0,316733.3333,295170.0,257166.6667,135.1294,145.0012,166.429,0.0
SKHYNIX,2025-10-13,415000.0,321916.6667,298150.0,259118.3333,128.9154,139.1917,160.1585,-3.0374
SKHYNIX,2025-10-14,411500.0,326916.6667,301140.0,261045.8333,125.8731,136.6474,157.6352,-3.8551
SKHYNIX,2025-10-15,422500.0,332333.3333,304340.0,263061.6667,127.1314,138.825,160.6087,-1.285
SKHYNIX,2025-10-16,452500.0,338466.6667,308120.0,265382.5,133.6912,146.8584,170.5086,0.0
SKHYNIX,2025-10-17,465500.0,345016.6667,311960.0,267803.3333,134.921,149.2178,173.8216,0.0
SKHYNIX,2025-10-20,485500.0,352666.6667,316510.0,270390.8333,137.6654,153.3917,179.5549,0.0
SKHYNIX,2025-10-21,479000.0,359950.0,320930.0,272910.8333,133.074,149.2537,175.5152,-1.3388
SKHYNIX,2025-10-22,481500.0,367250.0,325290.0,275475.0,131.1096,148.0218,174.789,-0.8239
SKHYNIX,2025-10-23,478500.0,374350.0,329690.0,277954.1667,127.8216,145.1363,172.1507,-1.4418
SKHYNIX,2025-10-24,510000.0,382233.3333,334650.0,280718.3333,133.4264,152.398,181.6768,0.0
SKHYNIX,2025-10-27,535000.0,390833.3333,340220.0,283640.0,136.887,157.2512,188.6194,0.0
SKHYNIX,2025-10-28,521000.0,398600.0,345300.0,286465.0,130.7075,150.8833,181.8721,-2.6168
SKHYNIX,2025-10-29,558000.0,407066.6667,351080.0,289608.3333,137.0783,158.9381,192.674,0.0
SKHYNIX,2025-10-30,568000.0,415766.6667,356880.0,292862.5,136.6151,159.1571,193.9477,0.0
SKHYNIX,2025-10-31,559000.0,423450.0,362530.0,295970.8333,132.0109,154.1941,188.87,-1.5845
SKHYNIX,2025-11-03,620000.0,433083.3333,369580.0,299547.5,143.1595,167.758,206.9789,0.0
SKHYNIX,2025-11-04,586000.0,441016.6667,376040.0,302845.0,132.8748,155.8345,193.4983,-5.4839
SKHYNIX,2025-11-05,579000.0,449200.0,382510.0,306085.8333,128.8958,151.3686,189.1626,-6.6129
SKHYNIX,2025-11-06,593000.0,457200.0,389470.0,309402.5,129.7025,152.2582,191.6597,-4.3548
SKHYNIX,2025-11-07,580000.0,464766.6667,396050.0,312581.6667,124.7938,146.4462,185.5515,-6.4516
SKHYNIX,2025-11-10,606000.0,473266.6667,402980.0,315915.0,128.0462,150.3797,191.8238,-2.2581
SKHYNIX,2025-11-11,619000.0,481866.6667,410130.0,319402.5,128.4588,150.9278,193.7994,-0.1613
SKHYNIX,2025-11-12,617000.0,490516.6667,417270.0,322840.0,125.7857,147.8659,191.1163,-0.4839
SKHYNIX,2025-11-13,612000.0,499033.3333,424140.0,326278.3333,122.6371,144.292,187.5699,-1.2903
SKHYNIX,2025-11-14,560000.0,506483.3333,429960.0,329261.6667,110.5663,130.2447,170.0775,-9.6774
SKHYNIX,2025-11-17,606000.0,515050.0,436960.0,332640.8333,117.6585,138.6855,182.1785,-2.2581
SKHYNIX,2025-11-18,570000.0,522466.6667,443150.0,335750.0,109.0979,128.6246,169.7692,-8.0645
SKHYNIX,2025-11-19,562000.0,529200.0,449140.0,338766.6667,106.198,125.128,165.8959,-9.3548
SKHYNIX,2025-11-20,571000.0,535050.0,455250.0,341833.3333,106.719,125.4256,167.0405,-7.9032
SKHYNIX,2025-11-21,521000.0,538150.0,460200.0,344487.5,96.8132,113.2116,151.2392,-15.9677
SKHYNIX,2025-11-24,520000.0,541650.0,465060.0,347087.5,96.003,111.8135,149.8181,-16.129
SKHYNIX,2025-11-25,519000.0,545233.3333,469680.0,349645.8333,95.1886,110.5008,148.4359,-16.2903
SKHYNIX,2025-11-26,524000.0,548616.6667,474080.0,352308.3333,95.513,110.5299,148.7334,-15.4839
SKHYNIX,2025-11-27,544000.0,551666.6667,478820.0,355112.5,98.6103,113.6126,153.1909,-12.2581
SKHYNIX,2025-11-28,530000.0,553816.6667,482850.0,357716.6667,95.6995,109.7649,148.162,-14.5161
SKHYNIX,2025-12-01,538000.0,555566.6667,486990.0,360329.1667,96.8381,110.4745,149.3079,-13.2258
SKHYNIX,2025-12-02,558000.0,558200.0,491190.0,363070.8333,99.9642,113.6017,153.689,-10.0
SKHYNIX,2025-12-03,552000.0,560550.0,495560.0,365750.0,98.4747,111.3891,150.9228,-10.9677
SKHYNIX,2025-12-04,542000.0,562666.6667,499340.0,368266.6667,96.327,108.5433,147.176,-12.5806
SKHYNIX,2025-12-05,544000.0,563800.0,503160.0,370837.5,96.4881,108.1167,146.695,-12.2581
SKHYNIX,2025-12-08,577000.0,565200.0,507680.0,373683.3333,102.0878,113.6543,154.4088,-6.9355
SKHYNIX,2025-12-09,566000.0,566700.0,511780.0,376333.3333,99.8765,110.5944,150.3986,-8.7097
SKHYNIX,2025-12-10,587000.0,567666.6667,516370.0,379150.0,103.4058,113.6782,154.82,-5.3226
SKHYNIX,2025-12-11,565000.0,567566.6667,520540.0,381804.1667,99.5478,108.5411,147.9816,-8.871
SKHYNIX,2025-12-12,571000.0,567966.6667,525230.0,384512.5,100.5341,108.7143,148.4997,-7.9032
SKHYNIX,2025-12-15,554000.0,565766.6667,529330.0,386987.5,97.9202,104.6606,143.1571,-10.6452
SKHYNIX,2025-12-16,530000.0,563900.0,532980.0,389241.6667,93.9883,99.4409,136.1622,-14.5161
SKHYNIX,2025-12-17,551000.0,562966.6667,536800.0,391512.5,97.8744,102.6453,140.7362,-11.129
SKHYNIX,2025-12-18,552000.0,561600.0,539930.0,393729.1667,98.2906,102.2355,140.1979,-10.9677
SKHYNIX,2025-12-19,547000.0,560500.0,542310.0,395845.8333,97.5914,100.8648,138.1851,-11.7742
SKHYNIX,2025-12-22,580000.0,559633.3333,545610.0,398312.5,103.6393,106.303,145.6143,-6.4516
SKHYNIX,2025-12-23,584000.0,558466.6667,549060.0,400745.8333,104.572,106.3636,145.7283,-5.8065
SKHYNIX,2025-12-24,588000.0,557500.0,552370.0,403266.6667,105.4709,106.4504,145.8092,-5.1613
SKHYNIX,2025-12-26,599000.0,557066.6667,555300.0,405933.3333,107.5275,107.8696,147.5612,-3.3871
SKHYNIX,2025-12-29,640000.0,559733.3333,558790.0,408945.8333,114.3402,114.5332,156.4999,0.0
SKHYNIX,2025-12-30,651000.0,561233.3333,562100.0,412116.6667,115.9945,115.8157,157.965,0.0
SKHYNIX,2026-01-02,677000.0,564800.0,566060.0,415500.0,119.8654,119.5986,162.9362,0.0
SKHYNIX,2026-01-05,696000.0,569266.6667,570350.0,418950.0,122.2626,122.0303,166.1296,0.0
SKHYNIX,2026-01-06,726000.0,574433.3333,575300.0,422658.3333,126.3854,126.195,171.7699,0.0
SKHYNIX,2026-01-07,742000.0,581800.0,579940.0,426366.6667,127.5352,127.9443,174.0286,0.0
SKHYNIX,2026-01-08,756000.0,589666.6667,584360.0,430212.5,128.208,129.3723,175.7271,0.0
SKHYNIX,2026-01-09,744000.0,597166.6667,588820.0,433912.5,124.5883,126.3544,171.4631,-1.5873
SKHYNIX,2026-01-12,749000.0,604666.6667,592640.0,437666.6667,123.8699,126.3836,171.1348,-0.9259
SKHYNIX,2026-01-13,738000.0,611133.3333,596040.0,441350.0,120.7592,123.8172,167.2142,-2.381
SKHYNIX,2026-01-14,742000.0,618200.0,599700.0,445287.5,120.0259,123.7285,166.6339,-1.8519
SKHYNIX,2026-01-15,749000.0,625233.3333,602280.0,449287.5,119.7953,124.3608,166.7084,-0.9259
SKHYNIX,2026-01-16,756000.0,631833.3333,605680.0,453316.6667,119.6518,124.8184,166.7708,0.0
SKHYNIX,2026-01-19,764000.0,638900.0,609380.0,457445.8333,119.5805,125.3733,167.0143,0.0
SKHYNIX,2026-01-20,743000.0,645600.0,612380.0,461395.8333,115.0867,121.3299,161.0331,-2.7487
SKHYNIX,2026-01-21,740000.0,652133.3333,615580.0,465316.6667,113.4737,120.2118,159.0315,-3.1414
SKHYNIX,2026-01-22,755000.0,658066.6667,618560.0,469391.6667,114.73,122.0577,160.8465,-1.178
SKHYNIX,2026-01-23,767000.0,664766.6667,621520.0,473600.0,115.3788,123.4071,161.951,0.0
SKHYNIX,2026-01-26,736000.0,669733.3333,623900.0,477545.8333,109.8945,117.9676,154.1213,-4.0417
SKHYNIX,2026-01-27,800000.0,677566.6667,627660.0,482016.6667,118.0696,127.4575,165.9694,0.0
SKHYNIX,2026-01-28,841000.0,686566.6667,633280.0,486745.8333,122.4936,132.8007,172.7801,0.0
SKHYNIX,2026-01-29,861000.0,696800.0,638380.0,491770.8333,123.5649,134.8726,175.0816,0.0
SKHYNIX,2026-01-30,909000.0,709433.3333,645160.0,497195.8333,128.1304,140.8953,182.8253,0.0
SKHYNIX,2026-02-02,830000.0,718733.3333,650520.0,501916.6667,115.4809,127.5902,165.3661,-8.6909
SKHYNIX,2026-02-03,907000.0,730566.6667,657240.0,507320.8333,124.1502,138.0013,178.7823,-0.22
SKHYNIX,2026-02-04,900000.0,742333.3333,664820.0,512637.5,121.2393,135.375,175.5627,-0.9901
SKHYNIX,2026-02-05,842000.0,751066.6667,671260.0,517516.6667,112.1072,125.4357,162.7001,-7.3707
SKHYNIX,2026-02-06,839000.0,759566.6667,677660.0,522283.3333,110.4577,123.8084,160.6408,-7.7008
SKHYNIX,2026-02-09,887000.0,769533.3333,684920.0,527433.3333,115.2647,129.5042,168.1729,-2.4202
SKHYNIX,2026-02-10,876000.0,778766.6667,691560.0,532416.6667,112.4856,126.6701,164.5328,-3.6304
SKHYNIX,2026-02-11,860000.0,786100.0,698160.0,537279.1667,109.4008,123.1809,160.0658,-5.3905
SKHYNIX,2026-02-12,888000.0,794000.0,705160.0,542450.0,111.8388,125.9289,163.7017,-2.3102
SKHYNIX,2026-02-13,880000.0,800766.6667,711600.0,547591.6667,109.8947,123.665,160.7037,-3.1903
SKHYNIX,2026-02-19,894000.0,807366.6667,718440.0,552912.5,110.7304,124.4363,161.6892,-1.6502
SKHYNIX,2026-02-20,949000.0,814800.0,726580.0,558779.1667,116.4703,130.6119,169.8345,0.0
SKHYNIX,2026-02-23,951000.0,821766.6667,734720.0,564612.5,115.7263,129.4371,168.4341,0.0
SKHYNIX,2026-02-24,1005000.0,830066.6667,743280.0,570825.0,121.0746,135.2115,176.061,0.0
SKHYNIX,2026-02-25,1018000.0,839200.0,752320.0,577129.1667,121.306,135.3148,176.3903,0.0
SKHYNIX,2026-02-26,1099000.0,850866.6667,762560.0,584120.8333,129.1624,144.1198,188.146,0.0
SKHYNIX,2026-02-27,1061000.0,861633.3333,772480.0,590725.0,123.1382,137.3498,179.6098,-3.4577
SKHYNIX,2026-03-03,939000.0,868200.0,779840.0,596308.3333,108.1548,120.4093,157.4689,-14.5587
SKHYNIX,2026-03-04,849000.0,871533.3333,785740.0,601250.0,97.4145,108.051,141.2058,-22.748
SKHYNIX,2026-03-05,941000.0,877700.0,793960.0,606920.8333,107.212,118.5198,155.0449,-14.3767
SKHYNIX,2026-03-06,924000.0,883033.3333,801420.0,612433.3333,104.6393,115.2954,150.8736,-15.9236
SKHYNIX,2026-03-09,836000.0,886133.3333,807100.0,617187.5,94.3425,103.5807,135.4532,-23.9308
SKHYNIX,2026-03-10,938000.0,892733.3333,814920.0,622725.0,105.0706,115.1033,150.6283,-14.6497
SKHYNIX,2026-03-11,955000.0,899400.0,822420.0,628375.0,106.1819,116.1207,151.9793,-13.1028
SKHYNIX,2026-03-12,930000.0,904833.3333,829340.0,633725.0,102.7814,112.1374,146.7514,-15.3776
SKHYNIX,2026-03-13,910000.0,910633.3333,835780.0,638775.0,99.9305,108.8803,142.4602,-17.1975
SKHYNIX,2026-03-16,974000.0,916433.3333,843280.0,644333.3333,106.2816,115.5014,151.164,-11.374
SKHYNIX,2026-03-17,970000.0,920733.3333,849880.0,649679.1667,105.3508,114.1338,149.3045,-11.7379
SKHYNIX,2026-03-18,1056000.0,927233.3333,857980.0,655720.8333,113.8872,123.0798,161.0441,-3.9126
SKHYNIX,2026-03-19,1013000.0,930700.0,864700.0,661262.5,108.8428,117.1505,153.1918,-7.8253
SKHYNIX,2026-03-20,1007000.0,936600.0,870920.0,666875.0,107.5165,115.6249,151.0028,-8.3712
SKHYNIX,2026-03-23,933000.0,937466.6667,875060.0,671708.3333,99.5235,106.6213,138.8996,-15.1046
SKHYNIX,2026-03-24,986000.0,940333.3333,879940.0,676983.3333,104.8564,112.0531,145.6461,-10.2821
SKHYNIX,2026-03-25,995000.0,945433.3333,884720.0,682350.0,105.2427,112.465,145.8196,-9.4631
SKHYNIX,2026-03-26,933000.0,948566.6667,888500.0,687116.6667,98.3589,105.0084,135.7848,-15.1046
SKHYNIX,2026-03-27,922000.0,949733.3333,891960.0,691820.8333,97.0799,103.3679,133.2715,-16.1056
SKHYNIX,2026-03-30,873000.0,949633.3333,894660.0,696125.0,91.9302,97.579,125.4085,-20.5641
SKHYNIX,2026-03-31,807000.0,947866.6667,895960.0,700045.8333,85.1386,90.071,115.2782,-26.5696
SKHYNIX,2026-04-01,893000.0,948033.3333,898840.0,704579.1667,94.195,99.3503,126.7423,-18.7443
SKHYNIX,2026-04-02,830000.0,946366.6667,900320.0,708600.0,87.7038,92.1894,117.1324,-24.4768
SKHYNIX,2026-04-03,876000.0,945766.6667,902560.0,712900.0,92.6233,97.0573,122.8784,-20.2912
SKHYNIX,2026-04-06,886000.0,943666.6667,905420.0,716987.5,93.8891,97.8551,123.5726,-19.3813
SKHYNIX,2026-04-07,916000.0,942500.0,908940.0,721054.1667,97.1883,100.7767,127.0362,-16.6515
SKHYNIX,2026-04-08,1033000.0,943433.3333,914500.0,726204.1667,109.4937,112.9579,142.2465,-6.0055
SKHYNIX,2026-04-09,998000.0,942766.6667,919120.0,731091.6667,105.8586,108.5821,136.5082,-9.1902
SKHYNIX,2026-04-10,1027000.0,940366.6667,924940.0,736129.1667,109.2127,111.0342,139.5136,-6.5514
SKHYNIX,2026-04-13,1040000.0,939666.6667,929740.0,741025.0,110.6775,111.8592,140.3461,-5.3685
SKHYNIX,2026-04-14,1103000.0,945133.3333,934980.0,746337.5,116.7031,117.9704,147.7884,0.0
SKHYNIX,2026-04-15,1136000.0,954700.0,940480.0,751758.3333,118.9903,120.7894,151.1124,0.0
SKHYNIX,2026-04-16,1155000.0,961833.3333,945400.0,757391.6667,120.0832,122.1705,152.4971,0.0
SKHYNIX,2026-04-17,1128000.0,968633.3333,951360.0,762779.1667,116.4527,118.5671,147.8803,-2.3377
SKHYNIX,2026-04-20,1166000.0,979633.3333,956540.0,768508.3333,119.0241,121.8977,151.7225,0.0
SKHYNIX,2026-04-21,1224000.0,989166.6667,963020.0,774458.3333,123.7405,127.1002,158.0459,0.0
SKHYNIX,2026-04-22,1223000.0,998100.0,970640.0,780191.6667,122.5328,125.9993,156.7564,-0.0817
SKHYNIX,2026-04-23,1225000.0,1007933.3333,978360.0,786058.3333,121.5358,125.2095,155.8409,0.0
SKHYNIX,2026-04-24,1222000.0,1018333.3333,985060.0,791591.6667,120.0,124.0534,154.3725,-0.2449
SKHYNIX,2026-04-27,1292000.0,1028933.3333,993380.0,797625.0,125.5669,130.061,161.9809,0.0
SKHYNIX,2026-04-28,1300000.0,1039933.3333,1002180.0,803800.0,125.008,129.7172,161.7318,0.0
SKHYNIX,2026-04-29,1293000.0,1047833.3333,1010280.0,809408.3333,123.3975,127.9843,159.7463,-0.5385
SKHYNIX,2026-04-30,1286000.0,1056933.3333,1018400.0,815241.6667,121.6728,126.2765,157.7446,-1.0769
SKHYNIX,2026-05-04,1447000.0,1071600.0,1029460.0,822475.0,135.0317,140.5591,175.9324,0.0
SKHYNIX,2026-05-06,1601000.0,1093866.6667,1042500.0,830875.0,146.3615,153.5731,192.6884,0.0
SKHYNIX,2026-05-07,1654000.0,1116133.3333,1056560.0,839825.0,148.1902,156.5458,196.9458,0.0
SKHYNIX,2026-05-08,1686000.0,1139166.6667,1070180.0,848825.0,148.0029,157.5436,198.6275,0.0
SKHYNIX,2026-05-11,1880000.0,1170733.3333,1087420.0,859333.3333,160.5831,172.8863,218.7742,0.0
SKHYNIX,2026-05-12,1835000.0,1201166.6667,1102140.0,869483.3333,152.7681,166.4943,211.0449,-2.3936
SKHYNIX,2026-05-13,1976000.0,1237933.3333,1120440.0,880850.0,159.6209,176.3593,224.3288,0.0
SKHYNIX,2026-05-14,1970000.0,1276700.0,1141060.0,892600.0,154.3041,172.6465,220.7036,-0.3036
SKHYNIX,2026-05-15,1819000.0,1307566.6667,1160460.0,902708.3333,139.1134,156.7482,201.5047,-7.9453
SKHYNIX,2026-05-18,1840000.0,1341233.3333,1178440.0,913291.6667,137.1872,156.1386,201.469,-6.8826
SKHYNIX,2026-05-19,1745000.0,1370200.0,1194860.0,923150.0,127.3537,146.0422,189.0267,-11.6903
SKHYNIX,2026-05-20,1745000.0,1398833.3333,1213040.0,932933.3333,124.7468,143.8535,187.0444,-11.6903
SKHYNIX,2026-05-21,1940000.0,1432966.6667,1233080.0,944758.3333,135.3835,157.3296,205.3435,-1.8219
SKHYNIX,2026-05-22,1941000.0,1463233.3333,1252800.0,956600.0,132.6514,154.933,202.9061,-1.7713
SKHYNIX,2026-05-26,2052000.0,1498366.6667,1275240.0,969375.0,136.9491,160.9109,211.6828,0.0
SKHYNIX,2026-05-27,2243000.0,1538900.0,1301900.0,983700.0,145.7535,172.2867,228.0167,0.0
SKHYNIX,2026-05-28,2289000.0,1580533.3333,1328200.0,998241.6667,144.8245,172.3385,229.3032,0.0
SKHYNIX,2026-05-29,2333000.0,1621533.3333,1355460.0,1013266.6667,143.8762,172.1187,230.2454,0.0
SKHYNIX,2026-06-01,2363000.0,1662433.3333,1381600.0,1028475.0,142.141,171.0336,229.7577,0.0
SKHYNIX,2026-06-02,2360000.0,1702600.0,1408540.0,1043491.6667,138.6115,167.5494,226.1638,-0.127
SKHYNIX,2026-06-04,2298000.0,1741600.0,1434360.0,1058041.6667,131.9476,160.2108,217.1937,-2.7507
SKHYNIX,2026-06-05,2070000.0,1771733.3333,1457100.0,1070775.0,116.8347,142.063,193.3179,-12.3995
SKHYNIX,2026-06-08,1911000.0,1794633.3333,1475600.0,1082166.6667,106.4841,129.5066,176.5902,-19.1282
SKHYNIX,2026-06-09,2215000.0,1827700.0,1500000.0,1095816.6667,121.1906,147.6667,202.1324,-6.2632
SKHYNIX,2026-06-10,2048000.0,1855133.3333,1522300.0,1108166.6667,110.3964,134.5333,184.8097,-13.3305
SKHYNIX,2026-06-11,2101000.0,1884433.3333,1545880.0,1120783.3333,111.4924,135.9096,187.4582,-11.0876
SKHYNIX,2026-06-12,2150000.0,1913033.3333,1571420.0,1133991.6667,112.387,136.8189,189.5957,-9.014
SKHYNIX,2026-06-15,2288000.0,1945966.6667,1601040.0,1148300.0,117.5765,142.9071,199.2511,-3.1739
SKHYNIX,2026-06-16,2382000.0,1982266.6667,1630820.0,1163533.3333,120.1655,146.0615,204.7213,0.0
SKHYNIX,2026-06-17,2521000.0,2023433.3333,1664640.0,1180125.0,124.5902,151.4442,213.6214,0.0
SKHYNIX,2026-06-18,2685000.0,2064700.0,1700820.0,1197908.3333,130.0431,157.865,224.1407,0.0
SKHYNIX,2026-06-19,2764000.0,2103466.6667,1738380.0,1216341.6667,131.4021,158.9986,227.2388,0.0
SKHYNIX,2026-06-22,2919000.0,2145633.3333,1778440.0,1236108.3333,136.0437,164.1326,236.1444,0.0
SKHYNIX,2026-06-23,2555000.0,2174600.0,1808880.0,1252566.6667,117.4929,141.2476,203.9812,-12.47
SKHYNIX,2026-06-24,2580000.0,2197933.3333,1840520.0,1269200.0,117.383,140.1778,203.2777,-11.6136
SKHYNIX,2026-06-25,2917000.0,2234000.0,1878320.0,1288608.3333,130.573,155.2984,226.3682,-0.0685
SKHYNIX,2026-06-26,2673000.0,2257233.3333,1910980.0,1305891.6667,118.4193,139.8759,204.6877,-8.4275
SKHYNIX,2026-06-29,2628000.0,2279166.6667,1941480.0,1322458.3333,115.3053,135.3607,198.7208,-9.9692
SKHYNIX,2026-06-30,2650000.0,2306866.6667,1971760.0,1339116.6667,114.8744,134.3977,197.8916,-9.2155
SKHYNIX,2026-07-01,2560000.0,2330866.6667,1999860.0,1354808.3333,109.8304,128.009,188.9566,-12.2987
SKHYNIX,2026-07-02,2187000.0,2345600.0,2021040.0,1367233.3333,93.2384,108.2116,159.9581,-25.0771
SKHYNIX,2026-07-03,2425000.0,2368266.6667,2046220.0,1381391.6667,102.3956,118.5112,175.5476,-16.9236
SKHYNIX,2026-07-06,2343000.0,2381700.0,2068600.0,1394733.3333,98.3751,113.265,167.9891,-19.7328
SKHYNIX,2026-07-07,2201000.0,2390366.6667,2088160.0,1406775.0,92.0779,105.4038,156.4571,-24.5975
SKHYNIX,2026-07-08,2076000.0,2391166.6667,2105180.0,1417875.0,86.8195,98.6139,146.4163,-28.8798
SKHYNIX,2026-07-09,2186000.0,2389266.6667,2124460.0,1429850.0,91.4925,102.8967,152.8832,-25.1113
SKHYNIX,2026-07-10,2180000.0,2385633.3333,2142220.0,1441866.6667,91.3803,101.7636,151.1929,-25.3169
SKHYNIX,2026-07-13,1845000.0,2369366.6667,2153120.0,1451058.3333,77.8689,85.6896,127.1486,-36.7934
SKHYNIX,2026-07-14,1913000.0,2354366.6667,2165520.0,1460758.3333,81.2533,88.3391,130.9594,-34.4639
SKHYNIX,2026-07-15,2082000.0,2345100.0,2181440.0,1471808.3333,88.7809,95.4415,141.4586,-28.6742
SKHYNIX,2026-07-16,1842000.0,2329900.0,2189340.0,1480791.6667,79.0592,84.1349,124.3929,-36.8962
